t,Mercury_x,Mercury_y,Venus_x,Venus_y,Earth_x,Earth_y,Mars_x,Mars_y,Jupiter_x,Jupiter_y,Saturn_x,Saturn_y,Uranus_x,Uranus_y,Neptune_x,Neptune_y
1,57.7517,4.13875,108.158,3.02976,149.578,2.57686,227.89,2.08786,778.599,1.12959,1434,0.832347,2871,0.58825,4495,0.470126
2,57.3087,8.25064,108.03,6.05295,149.511,5.14939,227.862,4.17264,778.597,2.25761,1434,1.66354,2871,1.17569,4495,0.939599
3,56.5734,12.3204,107.819,9.07141,149.401,7.7204,227.814,6.25708,778.593,3.38563,1434,2.49473,2871,1.76312,4495,1.40907
4,55.5494,16.3274,107.523,12.0828,149.246,10.2891,227.747,8.34099,778.587,4.51364,1434,3.32592,2871,2.35055,4495,1.87855
5,54.242,20.251,107.143,15.0847,149.047,12.8548,227.661,10.4242,778.58,5.64164,1433.99,4.15711,2871,2.93799,4495,2.34802
6,52.6579,24.0713,106.679,18.0748,148.803,15.4167,227.557,12.5065,778.571,6.76963,1433.99,4.9883,2871,3.52542,4495,2.81749
7,50.8051,27.7688,106.132,21.0508,148.516,17.974,227.433,14.5878,778.56,7.89761,1433.99,5.81949,2871,4.11286,4495,3.28697
8,48.693,31.3246,105.502,24.0103,148.185,20.526,227.29,16.6679,778.548,9.02557,1433.98,6.65067,2871,4.70029,4495,3.75644
9,46.3326,34.7206,104.789,26.951,147.81,23.0719,227.128,18.7466,778.534,10.1535,1433.98,7.48185,2871,5.28772,4495,4.22591
10,43.7357,37.9394,103.995,29.8707,147.391,25.611,226.947,20.8237,778.518,11.2814,1433.98,8.31303,2870.99,5.87516,4495,4.69539
11,40.9157,40.9646,103.119,32.767,146.929,28.1425,226.747,22.8991,778.501,12.4093,1433.97,9.14421,2870.99,6.46259,4495,5.16486
12,37.8869,43.7809,102.162,35.6377,146.423,30.6657,226.528,24.9725,778.482,13.5372,1433.97,9.97538,2870.99,7.05002,4495,5.63434
13,34.6648,46.3737,101.126,38.4805,145.874,33.1798,226.29,27.0439,778.462,14.665,1433.96,10.8066,2870.99,7.63746,4495,6.10381
14,31.2658,48.7299,100.01,41.2932,145.282,35.6841,226.033,29.113,778.44,15.7928,1433.95,11.6377,2870.99,8.22489,4495,6.57328
15,27.7073,50.8375,98.8163,44.0736,144.646,38.1778,225.757,31.1796,778.416,16.9206,1433.95,12.4689,2870.99,8.81232,4494.99,7.04275
16,24.0074,52.6857,97.5452,46.8195,143.968,40.6602,225.462,33.2437,778.391,18.0484,1433.94,13.3,2870.98,9.39975,4494.99,7.51223
17,20.185,54.265,96.1979,49.5288,143.247,43.1307,225.149,35.305,778.364,19.1761,1433.93,14.1312,2870.98,9.98718,4494.99,7.9817
18,16.2597,55.5674,94.7753,52.1994,142.484,45.5883,224.817,37.3633,778.335,20.3037,1433.92,14.9623,2870.98,10.5746,4494.99,8.45117
19,12.2513,56.5864,93.2786,54.8292,141.679,48.0325,224.465,39.4185,778.305,21.4313,1433.91,15.7935,2870.98,11.162,4494.99,8.92065
20,8.18049,57.3165,91.709,57.4161,140.832,50.4624,224.095,41.4704,778.273,22.5589,1433.9,16.6246,2870.98,11.7495,4494.99,9.39012
21,4.0679,57.7543,90.0676,59.9581,139.943,52.8774,223.707,43.5188,778.24,23.6864,1433.89,17.4558,2870.97,12.3369,4494.99,9.85959
22,-0.0654336,57.8973,88.3558,62.4531,139.013,55.2768,223.299,45.5635,778.205,24.8139,1433.88,18.2869,2870.97,12.9243,4494.99,10.3291
23,-4.19843,57.7449,86.5749,64.8994,138.041,57.6598,222.873,47.6045,778.168,25.9414,1433.87,19.118,2870.97,13.5118,4494.99,10.7985
24,-8.31001,57.2978,84.7263,67.2949,137.029,60.0257,222.428,49.6415,778.129,27.0687,1433.86,19.9491,2870.97,14.0992,4494.99,11.268
25,-12.3792,56.5584,82.8115,69.6377,135.976,62.3739,221.965,51.6743,778.089,28.196,1433.85,20.7802,2870.96,14.6866,4494.98,11.7375
26,-16.3852,55.5304,80.8319,71.9261,134.883,64.7036,221.483,53.7028,778.048,29.3233,1433.84,21.6113,2870.96,15.274,4494.98,12.207
27,-20.3076,54.219,78.789,74.1583,133.75,67.0142,220.982,55.7268,778.005,30.4505,1433.82,22.4424,2870.96,15.8615,4494.98,12.6764
28,-24.1263,52.631,76.6846,76.3324,132.578,69.3049,220.463,57.7461,777.96,31.5776,1433.81,23.2735,2870.95,16.4489,4494.98,13.1459
29,-27.822,50.7744,74.5202,78.4469,131.366,71.5752,219.926,59.7606,777.913,32.7047,1433.8,24.1046,2870.95,17.0363,4494.98,13.6154
30,-31.3757,48.6587,72.2975,80.5,130.115,73.8243,219.37,61.7701,777.865,33.8317,1433.78,24.9357,2870.95,17.6237,4494.98,14.0848
31,-34.7693,46.2947,70.0182,82.4901,128.826,76.0515,218.796,63.7745,777.815,34.9586,1433.77,25.7667,2870.94,18.2112,4494.98,14.5543
32,-37.9855,43.6946,67.6842,84.4158,127.499,78.2562,218.203,65.7735,777.764,36.0855,1433.75,26.5978,2870.94,18.7986,4494.97,15.0238
33,-41.0078,40.8714,65.2973,86.2754,126.134,80.4377,217.593,67.7669,777.711,37.2122,1433.74,27.4288,2870.93,19.386,4494.97,15.4933
34,-43.8209,37.8398,62.8593,88.0675,124.732,82.5955,216.964,69.7548,777.656,38.3389,1433.72,28.2599,2870.93,19.9734,4494.97,15.9627
35,-46.4104,34.615,60.3722,89.7908,123.293,84.7288,216.316,71.7367,777.6,39.4655,1433.7,29.0909,2870.93,20.5609,4494.97,16.4322
36,-48.7631,31.2136,57.8378,91.4438,121.817,86.8371,215.651,73.7127,777.542,40.5921,1433.69,29.9219,2870.92,21.1483,4494.97,16.9017
37,-50.867,27.653,55.2582,93.0253,120.305,88.9196,214.968,75.6825,777.482,41.7185,1433.67,30.7529,2870.92,21.7357,4494.97,17.3711
38,-52.7113,23.9512,52.6354,94.5341,118.758,90.9758,214.267,77.646,777.421,42.8449,1433.65,31.5839,2870.91,22.3231,4494.96,17.8406
39,-54.2867,20.1272,49.9715,95.9689,117.176,93.0052,213.547,79.603,777.358,43.9712,1433.63,32.4149,2870.91,22.9105,4494.96,18.3101
40,-55.5851,16.2006,47.2684,97.3287,115.559,95.007,212.81,81.5533,777.293,45.0973,1433.61,33.2459,2870.9,23.4979,4494.96,18.7795
41,-56.5998,12.1912,44.5284,98.6124,113.907,96.9806,212.055,83.4967,777.227,46.2234,1433.59,34.0768,2870.9,24.0854,4494.96,19.249
42,-57.3257,8.11971,41.7536,99.8189,112.222,98.9256,211.283,85.4332,777.159,47.3494,1433.57,34.9078,2870.89,24.6728,4494.96,19.7185
43,-57.7592,4.00675,38.9461,100.947,110.504,100.841,210.492,87.3626,777.09,48.4753,1433.55,35.7387,2870.89,25.2602,4494.95,20.188
44,-57.8979,-0.126654,36.1082,101.997,108.753,102.727,209.684,89.2846,777.019,49.6011,1433.53,36.5697,2870.88,25.8476,4494.95,20.6574
45,-57.7412,-4.25941,33.242,102.967,106.97,104.583,208.859,91.1992,776.946,50.7268,1433.51,37.4006,2870.88,26.435,4494.95,21.1269
46,-57.2899,-8.37044,30.3499,103.856,105.155,106.407,208.016,93.1061,776.872,51.8523,1433.49,38.2315,2870.87,27.0224,4494.95,21.5964
47,-56.5462,-12.4388,27.434,104.664,103.31,108.2,207.156,95.0052,776.796,52.9778,1433.47,39.0624,2870.87,27.6098,4494.95,22.0658
48,-55.5141,-16.4436,24.4966,105.39,101.433,109.961,206.278,96.8964,776.719,54.1032,1433.44,39.8933,2870.86,28.1972,4494.94,22.5353
49,-54.1987,-20.3646,21.5401,106.034,99.5267,111.69,205.383,98.7795,776.64,55.2284,1433.42,40.7241,2870.86,28.7846,4494.94,23.0048
50,-52.6067,-24.1816,18.5667,106.595,97.5908,113.385,204.471,100.654,776.559,56.3535,1433.4,41.555,2870.85,29.372,4494.94,23.4742
51,-50.7463,-27.8752,15.5789,107.072,95.626,115.047,203.541,102.521,776.476,57.4785,1433.37,42.3858,2870.84,29.9594,4494.94,23.9437
52,-48.627,-31.4267,12.5788,107.466,93.633,116.675,202.595,104.378,776.392,58.6034,1433.35,43.2166,2870.84,30.5468,4494.93,24.4132
53,-46.2596,-34.8178,9.56894,107.775,91.6122,118.268,201.632,106.228,776.307,59.7282,1433.32,44.0474,2870.83,31.1342,4494.93,24.8826
54,-43.6562,-38.0312,6.55157,108.001,89.5644,119.827,200.652,108.068,776.219,60.8528,1433.29,44.8782,2870.82,31.7216,4494.93,25.3521
55,-40.83,-41.0506,3.52908,108.142,87.49,121.349,199.655,109.899,776.13,61.9773,1433.27,45.709,2870.82,32.309,4494.93,25.8216
56,-37.7955,-43.8605,0.503829,108.198,85.3898,122.836,198.641,111.721,776.04,63.1017,1433.24,46.5398,2870.81,32.8964,4494.92,26.291
57,-34.5681,-46.4466,-2.52181,108.17,83.2643,124.287,197.611,113.533,775.948,64.226,1433.21,47.3705,2870.8,33.4838,4494.92,26.7605
58,-31.1643,-48.7958,-5.54548,108.057,81.1141,125.701,196.564,115.336,775.854,65.3501,1433.19,48.2013,2870.8,34.0712,4494.92,27.23
59,-27.6016,-50.896,-8.5648,107.859,78.94,127.078,195.501,117.13,775.758,66.474,1433.16,49.032,2870.79,34.6586,4494.91,27.6994
60,-23.898,-52.7365,-11.5774,107.578,76.7425,128.417,194.421,118.913,775.661,67.5979,1433.13,49.8627,2870.78,35.246,4494.91,28.1689
61,-20.0725,-54.3079,-14.581,107.212,74.5223,129.718,193.325,120.687,775.562,68.7216,1433.1,50.6934,2870.78,35.8334,4494.91,28.6384
62,-16.1445,-55.6022,-17.5732,106.762,72.28,130.98,192.213,122.451,775.462,69.8451,1433.07,51.524,2870.77,36.4208,4494.91,29.1078
63,-12.1342,-56.6128,-20.5516,106.229,70.0164,132.204,191.085,124.204,775.36,70.9685,1433.04,52.3547,2870.76,37.0082,4494.9,29.5773
64,-8.06198,-57.3346,-23.5139,105.613,67.732,133.389,189.941,125.947,775.257,72.0918,1433.01,53.1853,2870.75,37.5956,4494.9,30.0467
65,-3.94862,-57.7639,-26.4579,104.914,65.4276,134.534,188.781,127.679,775.151,73.2149,1432.98,54.0159,2870.75,38.1829,4494.9,30.5162
66,0.184899,-57.8984,-29.3811,104.133,63.1039,135.64,187.605,129.401,775.044,74.3378,1432.95,54.8465,2870.74,38.7703,4494.89,30.9857
67,4.31747,-57.7375,-32.2814,103.27,60.7614,136.705,186.414,131.112,774.936,75.4606,1432.91,55.6771,2870.73,39.3577,4494.89,31.4551
68,8.42802,-57.282,-35.1564,102.327,58.401,137.73,185.207,132.812,774.826,76.5833,1432.88,56.5077,2870.72,39.9451,4494.89,31.9246
69,12.4956,-56.5342,-38.004,101.304,56.0234,138.714,183.984,134.5,774.714,77.7057,1432.85,57.3382,2870.71,40.5325,4494.88,32.3941
70,16.4994,-55.498,-40.8218,100.201,53.6291,139.657,182.746,136.178,774.601,78.828,1432.81,58.1687,2870.7,41.1198,4494.88,32.8635
71,20.419,-54.1787,-43.6076,99.0206,51.219,140.559,181.493,137.844,774.486,79.9502,1432.78,58.9992,2870.7,41.7072,4494.88,33.333
72,24.2344,-52.5829,-46.3594,97.7624,48.7937,141.419,180.224,139.499,774.369,81.0722,1432.75,59.8297,2870.69,42.2946,4494.87,33.8024
73,27.9262,-50.7188,-49.0749,96.4277,46.354,142.238,178.941,141.142,774.251,82.194,1432.71,60.6602,2870.68,42.882,4494.87,34.2719
74,31.4755,-48.5959,-51.752,95.0175,43.9005,143.014,177.642,142.773,774.131,83.3156,1432.68,61.4906,2870.67,43.4693,4494.87,34.7414
75,34.8642,-46.2251,-54.3887,93.5331,41.4341,143.748,176.329,144.392,774.01,84.4371,1432.64,62.321,2870.66,44.0567,4494.86,35.2108
76,38.075,-43.6184,-56.9828,91.9755,38.9555,144.439,175.001,145.999,773.887,85.5584,1432.6,63.1514,2870.65,44.6441,4494.86,35.6803
77,41.0916,-40.7892,-59.5323,90.3459,36.4652,145.088,173.658,147.594,773.762,86.6795,1432.57,63.9818,2870.64,45.2314,4494.85,36.1497
78,43.8985,-37.7518,-62.0353,88.6457,33.9643,145.694,172.301,149.176,773.636,87.8004,1432.53,64.8122,2870.63,45.8188,4494.85,36.6192
79,46.4814,-34.5219,-64.4897,86.8762,31.4532,146.256,170.929,150.746,773.508,88.9211,1432.49,65.6425,2870.62,46.4061,4494.85,37.0887
80,48.8271,-31.1158,-66.8937,85.0387,28.9329,146.776,169.543,152.304,773.378,90.0417,1432.45,66.4728,2870.61,46.9935,4494.84,37.5581
81,50.9238,-27.5509,-69.2454,83.1347,26.404,147.252,168.143,153.848,773.247,91.162,1432.41,67.3031,2870.6,47.5808,4494.84,38.0276
82,52.7606,-23.8455,-71.5429,81.1657,23.8673,147.684,166.728,155.38,773.114,92.2822,1432.37,68.1334,2870.59,48.1682,4494.83,38.497
83,54.3282,-20.0184,-73.7845,79.1332,21.3235,148.073,165.3,156.899,772.98,93.4022,1432.33,68.9636,2870.58,48.7556,4494.83,38.9665
84,55.6187,-16.0892,-75.9683,77.0387,18.7734,148.417,163.858,158.404,772.843,94.522,1432.29,69.7938,2870.57,49.3429,4494.83,39.4359
85,56.6253,-12.0778,-78.0928,74.8841,16.2178,148.718,162.402,159.897,772.706,95.6415,1432.25,70.624,2870.56,49.9302,4494.82,39.9054
86,57.3431,-8.00491,-80.1561,72.6709,13.6573,148.975,160.933,161.376,772.566,96.7609,1432.21,71.4542,2870.55,50.5176,4494.82,40.3749
87,57.7683,-3.89112,-82.1567,70.4008,11.0928,149.188,159.45,162.841,772.425,97.8801,1432.17,72.2844,2870.54,51.1049,4494.81,40.8443
88,57.8987,0.242515,-84.0931,68.0756,8.52509,149.357,157.954,164.293,772.283,98.9991,1432.13,73.1145,2870.53,51.6923,4494.81,41.3138
89,57.7338,4.37492,-85.9637,65.6972,5.95482,149.481,156.444,165.731,772.139,100.118,1432.08,73.9446,2870.52,52.2796,4494.81,41.7832
90,57.2743,8.48499,-87.7671,63.2675,3.38278,149.561,154.922,167.155,771.993,101.236,1432.04,74.7747,2870.51,52.867,4494.8,42.2527
91,56.5225,12.5518,-89.5018,60.7882,0.809747,149.597,153.386,168.566,771.846,102.355,1432,75.6047,2870.5,53.4543,4494.8,42.7221
92,55.4824,16.5545,-91.1665,58.2614,-1.76353,149.589,151.838,169.962,771.696,103.473,1431.95,76.4347,2870.49,54.0416,4494.79,43.1916
93,54.1593,20.4728,-92.7598,55.689,-4.33628,149.537,150.277,171.344,771.546,104.591,1431.91,77.2647,2870.48,54.6289,4494.79,43.661
94,52.5598,24.2867,-94.2807,53.073,-6.90774,149.44,148.703,172.711,771.394,105.708,1431.86,78.0947,2870.47,55.2163,4494.78,44.1305
95,50.6921,27.9766,-95.7277,50.4156,-9.47716,149.299,147.117,174.064,771.24,106.826,1431.82,78.9247,2870.46,55.8036,4494.78,44.5999
96,48.5658,31.5238,-97.0999,47.7187,-12.0438,149.114,145.519,175.403,771.084,107.943,1431.77,79.7546,2870.44,56.3909,4494.77,45.0694
97,46.1917,34.9101,-98.3961,44.9844,-14.6068,148.884,143.909,176.727,770.927,109.06,1431.72,80.5845,2870.43,56.9782,4494.77,45.5388
98,43.582,38.1184,-99.6154,42.215,-17.1655,148.611,142.286,178.036,770.768,110.177,1431.68,81.4144,2870.42,57.5656,4494.76,46.0083
99,40.7499,41.1322,-100.757,39.4126,-19.7192,148.294,140.652,179.33,770.608,111.294,1431.63,82.2442,2870.41,58.1529,4494.76,46.4777
100,37.71,43.9361,-101.819,36.5793,-22.267,147.932,139.005,180.609,770.446,112.41,1431.58,83.074,2870.4,58.7402,4494.75,46.9472
101,34.4776,46.5158,-102.802,33.7174,-24.8082,147.527,137.347,181.873,770.282,113.526,1431.53,83.9038,2870.39,59.3275,4494.75,47.4166
102,31.0693,48.8583,-103.705,30.8291,-27.3421,147.079,135.678,183.122,770.117,114.642,1431.48,84.7336,2870.37,59.9148,4494.74,47.8861
103,27.5025,50.9515,-104.526,27.9168,-29.8679,146.587,133.997,184.356,769.95,115.757,1431.43,85.5633,2870.36,60.5021,4494.74,48.3555
104,23.7955,52.7847,-105.265,24.9825,-32.3848,146.051,132.306,185.574,769.782,116.873,1431.38,86.393,2870.35,61.0894,4494.73,48.825
105,19.967,54.3486,-105.923,22.0288,-34.8922,145.472,130.603,186.776,769.612,117.988,1431.33,87.2227,2870.34,61.6767,4494.73,49.2944
106,16.0366,55.6353,-106.497,19.0578,-37.3892,144.851,128.889,187.963,769.44,119.103,1431.28,88.0523,2870.32,62.264,4494.72,49.7639
107,12.0245,56.6381,-106.988,16.0719,-39.8752,144.186,127.164,189.134,769.267,120.217,1431.23,88.8819,2870.31,62.8513,4494.72,50.2333
108,7.95095,57.352,-107.395,13.0734,-42.3493,143.479,125.429,190.29,769.092,121.332,1431.18,89.7115,2870.3,63.4386,4494.71,50.7027
109,3.83687,57.7733,-107.718,10.0647,-44.811,142.729,123.683,191.429,768.915,122.446,1431.13,90.5411,2870.28,64.0259,4494.71,51.1722
110,-0.296771,57.8998,-107.957,7.04813,-47.2593,141.937,121.927,192.553,768.737,123.56,1431.07,91.3706,2870.27,64.6132,4494.7,51.6416
111,-4.4289,57.731,-108.112,4.02603,-49.6937,141.103,120.16,193.66,768.557,124.673,1431.02,92.2001,2870.26,65.2005,4494.7,52.1111
112,-8.53844,57.2676,-108.182,1.00079,-52.1134,140.227,118.384,194.751,768.376,125.787,1430.97,93.0296,2870.24,65.7878,4494.69,52.5805
113,-12.6044,56.512,-108.167,-2.02523,-54.5176,139.31,116.598,195.826,768.193,126.9,1430.91,93.859,2870.23,66.375,4494.69,53.05
114,-16.6061,55.4682,-108.068,-5.04967,-56.9058,138.351,114.801,196.884,768.009,128.013,1430.86,94.6884,2870.22,66.9623,4494.68,53.5194
115,-20.523,54.1413,-107.884,-8.07016,-59.277,137.352,112.996,197.926,767.822,129.125,1430.8,95.5178,2870.2,67.5496,4494.67,53.9888
116,-24.3353,52.5382,-107.616,-11.0843,-61.6308,136.312,111.181,198.951,767.635,130.237,1430.75,96.3471,2870.19,68.1369,4494.67,54.4583
117,-28.0233,50.6672,-107.264,-14.0898,-63.9663,135.231,109.356,199.96,767.445,131.349,1430.69,97.1764,2870.18,68.7241,4494.66,54.9277
118,-31.5685,48.5376,-106.827,-17.0843,-66.2828,134.111,107.523,200.952,767.254,132.461,1430.63,98.0057,2870.16,69.3114,4494.66,55.3972
119,-34.9525,46.1603,-106.307,-20.0654,-68.5798,132.951,105.68,201.927,767.061,133.572,1430.57,98.8349,2870.15,69.8986,4494.65,55.8666
120,-38.1583,43.5476,-105.704,-23.0308,-70.8564,131.751,103.828,202.886,766.867,134.684,1430.52,99.6641,2870.13,70.4859,4494.65,56.336
121,-41.1693,40.7127,-105.018,-25.9782,-73.1121,130.513,101.968,203.827,766.671,135.795,1430.46,100.493,2870.12,71.0732,4494.64,56.8055
122,-43.9703,37.6701,-104.25,-28.9053,-75.3462,129.235,100.1,204.751,766.474,136.905,1430.4,101.322,2870.1,71.6604,4494.63,57.2749
123,-46.547,34.4354,-103.401,-31.8097,-77.5579,127.92,98.2227,205.658,766.275,138.015,1430.34,102.152,2870.09,72.2477,4494.63,57.7443
124,-48.8862,31.0249,-102.47,-34.6893,-79.7467,126.567,96.3374,206.548,766.074,139.125,1430.28,102.981,2870.07,72.8349,4494.62,58.2138
125,-50.976,27.4561,-101.46,-37.5417,-81.9119,125.176,94.4441,207.421,765.872,140.235,1430.22,103.81,2870.06,73.4222,4494.62,58.6832
126,-52.8058,23.7473,-100.369,-40.3647,-84.0529,123.749,92.5429,208.276,765.668,141.345,1430.16,104.639,2870.04,74.0094,4494.61,59.1526
127,-54.3661,19.9173,-99.2009,-43.1562,-86.1689,122.284,90.6339,209.114,765.462,142.454,1430.1,105.468,2870.03,74.5966,4494.6,59.6221
128,-55.649,15.9857,-97.9547,-45.9139,-88.2595,120.784,88.7174,209.934,765.255,143.563,1430.04,106.297,2870.01,75.1839,4494.6,60.0915
129,-56.648,11.9725,-96.6318,-48.6357,-90.324,119.248,86.7935,210.737,765.047,144.671,1429.98,107.125,2870,75.7711,4494.59,60.5609
130,-57.358,7.89828,-95.2334,-51.3194,-92.3617,117.676,84.8622,211.522,764.836,145.779,1429.91,107.954,2869.98,76.3583,4494.58,61.0304
131,-57.7753,3.78373,-93.7604,-53.9629,-94.3721,116.07,82.9239,212.289,764.624,146.887,1429.85,108.783,2869.97,76.9456,4494.58,61.4998
132,-57.8979,-0.350125,-92.214,-56.5642,-96.3545,114.429,80.9787,213.039,764.411,147.995,1429.79,109.612,2869.95,77.5328,4494.57,61.9692
133,-57.725,-4.48219,-90.5955,-59.1213,-98.3085,112.754,79.0266,213.771,764.196,149.102,1429.72,110.441,2869.93,78.12,4494.57,62.4387
134,-57.2576,-8.5914,-88.9061,-61.6321,-100.233,111.046,77.068,214.484,763.979,150.209,1429.66,111.269,2869.92,78.7072,4494.56,62.9081
135,-56.4981,-12.6568,-87.1471,-64.0947,-102.129,109.306,75.1029,215.18,763.761,151.316,1429.59,112.098,2869.9,79.2944,4494.55,63.3775
136,-55.4503,-16.6575,-85.32,-66.5071,-103.993,107.533,73.1315,215.858,763.541,152.422,1429.53,112.927,2869.89,79.8816,4494.55,63.8469
137,-54.1196,-20.5733,-83.426,-68.8674,-105.828,105.728,71.154,216.518,763.319,153.528,1429.46,113.755,2869.87,80.4689,4494.54,64.3164
138,-52.5127,-24.3842,-81.4668,-71.1739,-107.631,103.891,69.1706,217.16,763.096,154.634,1429.39,114.584,2869.85,81.0561,4494.53,64.7858
139,-50.6379,-28.0706,-79.4438,-73.4247,-109.402,102.024,67.1813,217.784,762.871,155.739,1429.33,115.412,2869.84,81.6433,4494.53,65.2552
140,-48.5047,-31.6137,-77.3587,-75.618,-111.14,100.127,65.1865,218.389,762.645,156.844,1429.26,116.241,2869.82,82.2304,4494.52,65.7246
141,-46.124,-34.9956,-75.213,-77.7522,-112.846,98.2002,63.1862,218.976,762.417,157.949,1429.19,117.069,2869.8,82.8176,4494.51,66.1941
142,-43.508,-38.1989,-73.0085,-79.8255,-114.518,96.2443,61.1806,219.545,762.188,159.054,1429.12,117.898,2869.78,83.4048,4494.5,66.6635
143,-40.67,-41.2073,-70.7468,-81.8363,-116.157,94.2599,59.1699,220.095,761.956,160.158,1429.05,118.726,2869.77,83.992,4494.5,67.1329
144,-37.6244,-44.0054,-68.4298,-83.7831,-117.761,92.2477,57.1542,220.627,761.724,161.261,1428.99,119.554,2869.75,84.5792,4494.49,67.6023
145,-34.3868,-46.579,-66.0592,-85.6643,-119.33,90.2081,55.1338,221.141,761.489,162.365,1428.92,120.383,2869.73,85.1664,4494.48,68.0717
146,-30.9738,-48.9149,-63.6369,-87.4785,-120.864,88.1418,53.1087,221.636,761.253,163.468,1428.84,121.211,2869.72,85.7536,4494.48,68.5412
147,-27.4027,-51.0012,-61.1648,-89.2243,-122.362,86.0494,51.0792,222.112,761.016,164.57,1428.77,122.039,2869.7,86.3407,4494.47,69.0106
148,-23.6918,-52.8272,-58.6449,-90.9002,-123.824,83.9316,49.0455,222.57,760.777,165.673,1428.7,122.867,2869.68,86.9279,4494.46,69.48
149,-19.86,-54.3837,-56.079,-92.5049,-125.249,81.7889,47.0076,223.009,760.536,166.775,1428.63,123.695,2869.66,87.5151,4494.45,69.9494
150,-15.9269,-55.6627,-53.4693,-94.0373,-126.637,79.622,44.9658,223.43,760.294,167.877,1428.56,124.524,2869.64,88.1022,4494.45,70.4188
151,-11.9125,-56.6576,-50.8177,-95.4961,-127.988,77.4316,42.9202,223.832,760.05,168.978,1428.49,125.352,2869.63,88.6894,4494.44,70.8883
152,-7.83729,-57.3634,-48.1263,-96.8801,-129.301,75.2182,40.8711,224.215,759.804,170.079,1428.41,126.18,2869.61,89.2765,4494.43,71.3577
153,-3.72209,-57.7765,-45.3973,-98.1884,-130.575,72.9826,38.8185,224.579,759.557,171.179,1428.34,127.008,2869.59,89.8637,4494.42,71.8271
154,0.412102,-57.8948,-42.6327,-99.4198,-131.811,70.7253,36.7627,224.925,759.308,172.28,1428.26,127.835,2869.57,90.4508,4494.42,72.2965
155,4.54419,-57.7176,-39.8348,-100.573,-133.008,68.4472,34.7038,225.252,759.058,173.38,1428.19,128.663,2869.55,91.038,4494.41,72.7659
156,8.65309,-57.2459,-37.0057,-101.648,-134.166,66.1488,32.642,225.56,758.806,174.479,1428.12,129.491,2869.53,91.6251,4494.4,73.2353
157,12.7178,-56.4821,-34.1477,-102.644,-135.283,63.8308,30.5775,225.849,758.553,175.578,1428.04,130.319,2869.51,92.2122,4494.39,73.7047
158,16.7177,-55.4301,-31.2629,-103.558,-136.361,61.4939,28.5104,226.119,758.298,176.677,1427.96,131.147,2869.5,92.7994,4494.39,74.1741
159,20.6322,-54.0952,-28.3536,-104.392,-137.399,59.1388,26.4409,226.37,758.041,177.775,1427.89,131.974,2869.48,93.3865,4494.38,74.6436
160,24.4415,-52.4843,-25.4222,-105.145,-138.395,56.7662,24.3693,226.602,757.783,178.873,1427.81,132.802,2869.46,93.9736,4494.37,75.113
161,28.126,-50.6056,-22.4709,-105.815,-139.351,54.3768,22.2955,226.815,757.523,179.971,1427.73,133.63,2869.44,94.5607,4494.36,75.5824
162,31.6671,-48.4686,-19.5019,-106.402,-140.266,51.9713,20.22,227.01,757.262,181.068,1427.65,134.457,2869.42,95.1479,4494.36,76.0518
163,35.0465,-46.0843,-16.5177,-106.906,-141.138,49.5504,18.1427,227.185,756.998,182.165,1427.58,135.285,2869.4,95.735,4494.35,76.5212
164,38.2471,-43.4648,-13.5206,-107.326,-141.97,47.1148,16.0639,227.341,756.734,183.262,1427.5,136.112,2869.38,96.3221,4494.34,76.9906
165,41.2525,-40.6236,-10.5129,-107.662,-142.759,44.6653,13.9838,227.479,756.468,184.358,1427.42,136.94,2869.36,96.9092,4494.33,77.46
166,44.0474,-37.575,-7.49699,-107.914,-143.506,42.2026,11.9025,227.597,756.2,185.454,1427.34,137.767,2869.34,97.4963,4494.32,77.9294
167,46.6176,-34.3348,-4.47519,-108.081,-144.21,39.7274,9.8202,227.696,755.931,186.549,1427.26,138.594,2869.32,98.0834,4494.31,78.3988
168,48.9499,-30.9193,-1.44988,-108.164,-144.872,37.2405,7.73708,227.776,755.66,187.644,1427.18,139.422,2869.3,98.6705,4494.31,78.8682
169,51.0325,-27.346,1.57656,-108.163,-145.491,34.7425,5.65333,227.837,755.387,188.739,1427.09,140.249,2869.28,99.2575,4494.3,79.3376
170,52.8546,-23.6333,4.60177,-108.076,-146.067,32.2342,3.5691,227.879,755.113,189.833,1427.01,141.076,2869.26,99.8446,4494.29,79.807
171,54.407,-19.7999,7.62338,-107.905,-146.599,29.7164,1.48457,227.902,754.837,190.927,1426.93,141.903,2869.24,100.432,4494.28,80.2764
172,55.6819,-15.8655,10.639,-107.65,-147.088,27.1898,-0.600073,227.906,754.56,192.02,1426.85,142.73,2869.22,101.019,4494.27,80.7458
173,56.6726,-11.8501,13.6463,-107.31,-147.534,24.6551,-2.68467,227.891,754.281,193.113,1426.76,143.557,2869.2,101.606,4494.26,81.2152
174,57.3742,-7.77433,16.643,-106.886,-147.936,22.1131,-4.76904,227.857,754.001,194.205,1426.68,144.384,2869.18,102.193,4494.26,81.6846
175,57.783,-3.65885,19.6266,-106.379,-148.294,19.5646,-6.85301,227.803,753.719,195.298,1426.6,145.211,2869.15,102.78,4494.25,82.154
176,57.897,0.4753,22.5949,-105.788,-148.608,17.0104,-8.9364,227.731,753.435,196.389,1426.51,146.038,2869.13,103.367,4494.24,82.6234
177,57.7156,4.60703,25.5454,-105.115,-148.879,14.451,-11.019,227.639,753.15,197.481,1426.43,146.865,2869.11,103.954,4494.23,83.0928
178,57.2397,8.71525,28.476,-104.359,-149.105,11.8874,-13.1008,227.529,752.863,198.572,1426.34,147.692,2869.09,104.541,4494.22,83.5622
179,56.4718,12.779,31.3843,-103.522,-149.287,9.32029,-15.1814,227.399,752.575,199.662,1426.25,148.519,2869.07,105.128,4494.21,84.0316
180,55.4158,16.7776,34.2681,-102.604,-149.425,6.7504,-17.2607,227.251,752.285,200.752,1426.17,149.345,2869.05,105.715,4494.2,84.501
181,54.0771,20.6905,37.125,-101.605,-149.518,4.17852,-19.3386,227.083,751.993,201.842,1426.08,150.172,2869.03,106.302,4494.19,84.9703
182,52.4624,24.4979,39.9528,-100.527,-149.568,1.6054,-21.4149,226.896,751.7,202.931,1425.99,150.999,2869,106.889,4494.19,85.4397
183,50.5802,28.1803,42.7495,-99.3701,-149.573,-0.968198,-23.4894,226.691,751.405,204.02,1425.9,151.825,2868.98,107.476,4494.18,85.9091
184,48.4398,31.719,45.5126,-98.1355,-149.534,-3.54151,-25.5619,226.466,751.109,205.108,1425.82,152.652,2868.96,108.063,4494.17,86.3785
185,46.0524,35.0958,48.2401,-96.8241,-149.45,-6.11377,-27.6323,226.223,750.811,206.196,1425.73,153.478,2868.94,108.65,4494.16,86.8479
186,43.43,38.2936,50.9299,-95.437,-149.323,-8.68422,-29.7004,225.96,750.512,207.284,1425.64,154.305,2868.92,109.237,4494.15,87.3173
187,40.586,41.296,53.5799,-93.9751,-149.151,-11.2521,-31.7659,225.679,750.211,208.371,1425.55,155.131,2868.89,109.824,4494.14,87.7867
188,37.535,44.0878,56.1879,-92.4397,-148.935,-13.8166,-33.8289,225.379,749.908,209.458,1425.46,155.957,2868.87,110.411,4494.13,88.2561
189,34.2926,46.6546,58.7519,-90.832,-148.674,-16.3771,-35.8889,225.059,749.604,210.544,1425.36,156.784,2868.85,110.998,4494.12,88.7254
190,30.8752,48.9835,61.2699,-89.1532,-148.37,-18.9327,-37.946,224.721,749.299,211.63,1425.27,157.61,2868.82,111.585,4494.11,89.1948
191,27.3002,51.0624,63.7401,-87.4046,-148.022,-21.4827,-39.9999,224.365,748.991,212.715,1425.18,158.436,2868.8,112.172,4494.1,89.6642
192,23.5861,52.8809,66.1603,-85.5876,-147.63,-24.0263,-42.0505,223.989,748.682,213.8,1425.09,159.262,2868.78,112.759,4494.09,90.1336
193,19.7516,54.4296,68.5288,-83.7036,-147.194,-26.5629,-44.0975,223.595,748.372,214.884,1425,160.088,2868.76,113.346,4494.08,90.603
194,15.8163,55.7007,70.8436,-81.7541,-146.715,-29.0915,-46.1409,223.182,748.06,215.968,1424.9,160.914,2868.73,113.933,4494.08,91.0723
195,11.8004,56.6876,73.103,-79.7407,-146.193,-31.6116,-48.1803,222.75,747.746,217.052,1424.81,161.74,2868.71,114.52,4494.07,91.5417
196,7.72424,57.3854,75.3052,-77.6648,-145.627,-34.1223,-50.2158,222.3,747.431,218.135,1424.71,162.566,2868.69,115.107,4494.06,92.0111
197,3.60871,57.7904,77.4485,-75.5282,-145.017,-36.6229,-52.247,221.831,747.115,219.217,1424.62,163.392,2868.66,115.694,4494.05,92.4805
198,-0.525229,57.9006,79.5311,-73.3325,-144.365,-39.1126,-54.2739,221.343,746.796,220.3,1424.52,164.217,2868.64,116.281,4494.04,92.9498
199,-4.65648,57.7155,81.5516,-71.0794,-143.671,-41.5908,-56.2962,220.837,746.477,221.381,1424.43,165.043,2868.61,116.868,4494.03,93.4192
200,-8.76398,57.236,83.5082,-68.7707,-142.933,-44.0566,-58.3138,220.313,746.155,222.463,1424.33,165.869,2868.59,117.455,4494.02,93.8886
201,-12.8268,56.4645,85.3995,-66.4081,-142.154,-46.5094,-60.3265,219.77,745.832,223.543,1424.23,166.694,2868.57,118.042,4494.01,94.358
202,-16.8241,55.4049,87.2239,-63.9936,-141.332,-48.9485,-62.3342,219.208,745.508,224.624,1424.14,167.52,2868.54,118.629,4494,94.8273
203,-20.7357,54.0628,88.9801,-61.529,-140.469,-51.373,-64.3366,218.629,745.182,225.703,1424.04,168.345,2868.52,119.216,4493.99,95.2967
204,-24.5414,52.4448,90.6667,-59.0163,-139.563,-53.7823,-66.3337,218.031,744.854,226.783,1423.94,169.171,2868.49,119.803,4493.98,95.7661
205,-28.222,50.5593,92.2824,-56.4574,-138.617,-56.1757,-68.3252,217.414,744.525,227.862,1423.84,169.996,2868.47,120.39,4493.97,96.2354
206,-31.7586,48.416,93.8258,-53.8543,-137.629,-58.5525,-70.311,216.78,744.194,228.94,1423.74,170.822,2868.44,120.977,4493.96,96.7048
207,-35.1332,46.0256,95.2959,-51.2091,-136.601,-60.9119,-72.2909,216.127,743.862,230.018,1423.64,171.647,2868.42,121.564,4493.95,97.1742
208,-38.3286,43.4004,96.6913,-48.5238,-135.532,-63.2533,-74.2648,215.457,743.528,231.095,1423.54,172.472,2868.39,122.15,4493.94,97.6435
209,-41.3284,40.5539,98.0112,-45.8006,-134.423,-65.576,-76.2324,214.768,743.192,232.172,1423.44,173.297,2868.37,122.737,4493.93,98.1129
210,-44.1174,37.5005,99.2543,-43.0415,-133.275,-67.8792,-78.1936,214.061,742.855,233.249,1423.34,174.122,2868.34,123.324,4493.92,98.5823
211,-46.6814,34.2557,100.42,-40.2488,-132.087,-70.1624,-80.1483,213.337,742.517,234.325,1423.24,174.947,2868.32,123.911,4493.91,99.0516
212,-49.0072,30.8362,101.507,-37.4245,-130.859,-72.4247,-82.0963,212.594,742.177,235.4,1423.14,175.772,2868.29,124.498,4493.9,99.521
213,-51.083,27.2594,102.514,-34.571,-129.593,-74.6657,-84.0375,211.834,741.835,236.475,1423.04,176.597,2868.27,125.085,4493.89,99.9903
214,-52.8981,23.5436,103.442,-31.6904,-128.289,-76.8845,-85.9716,211.056,741.492,237.55,1422.93,177.422,2868.24,125.672,4493.87,100.46
215,-54.4435,19.7076,104.288,-28.785,-126.947,-79.0805,-87.8984,210.26,741.147,238.624,1422.83,178.247,2868.21,126.259,4493.86,100.929
216,-55.711,15.7711,105.053,-25.8571,-125.567,-81.2532,-89.818,209.447,740.801,239.697,1422.73,179.072,2868.19,126.846,4493.85,101.398
217,-56.6943,11.7541,105.735,-22.909,-124.15,-83.4017,-91.73,208.616,740.453,240.77,1422.62,179.896,2868.16,127.432,4493.84,101.868
218,-57.3884,7.67716,106.335,-19.943,-122.696,-85.5256,-93.6343,207.768,740.103,241.843,1422.52,180.721,2868.14,128.019,4493.83,102.337
219,-57.7897,3.56104,106.852,-16.9613,-121.206,-87.6241,-95.5308,206.902,739.752,242.915,1422.41,181.545,2868.11,128.606,4493.82,102.806
220,-57.8961,-0.573242,107.285,-13.9664,-119.679,-89.6967,-97.4193,206.019,739.4,243.986,1422.3,182.37,2868.08,129.193,4493.81,103.276
221,-57.7072,-4.7046,107.634,-10.9606,-118.118,-91.7428,-99.2996,205.119,739.046,245.057,1422.2,183.194,2868.06,129.78,4493.8,103.745
222,-57.2238,-8.81196,107.899,-7.94615,-116.521,-93.7616,-101.172,204.201,738.69,246.127,1422.09,184.019,2868.03,130.367,4493.79,104.215
223,-56.4484,-12.8743,108.08,-4.92551,-114.89,-95.7527,-103.035,203.267,738.333,247.197,1421.98,184.843,2868,130.953,4493.78,104.684
224,-55.385,-16.8711,108.176,-1.90103,-113.225,-97.7155,-104.89,202.316,737.974,248.267,1421.88,185.667,2867.98,131.54,4493.77,105.153
225,-54.039,-20.7817,108.187,1.12495,-111.527,-99.6493,-106.736,201.347,737.614,249.336,1421.77,186.491,2867.95,132.127,4493.76,105.623
226,-52.4172,-24.5862,108.114,4.15005,-109.795,-101.554,-108.573,200.362,737.252,250.404,1421.66,187.316,2867.92,132.714,4493.74,106.092
227,-50.528,-28.2654,107.957,7.1719,-108.031,-103.428,-110.402,199.36,736.888,251.472,1421.55,188.14,2867.9,133.301,4493.73,106.561
228,-48.3809,-31.8002,107.714,10.1881,-106.235,-105.271,-112.22,198.341,736.523,252.539,1421.44,188.964,2867.87,133.887,4493.72,107.031
229,-45.987,-35.1729,107.388,13.1964,-104.407,-107.084,-114.03,197.306,736.157,253.606,1421.33,189.788,2867.84,134.474,4493.71,107.5
230,-43.3584,-38.366,106.978,16.1944,-102.548,-108.865,-115.83,196.254,735.789,254.672,1421.22,190.611,2867.81,135.061,4493.7,107.969
231,-40.5085,-41.3633,106.483,19.1796,-100.66,-110.613,-117.62,195.185,735.419,255.738,1421.11,191.435,2867.78,135.648,4493.69,108.439
232,-37.4519,-44.1496,105.906,22.1499,-98.7408,-112.329,-119.4,194.101,735.048,256.803,1421,192.259,2867.76,136.235,4493.68,108.908
233,-34.2042,-46.7105,105.246,25.1029,-96.7929,-114.011,-121.171,193,734.675,257.868,1420.88,193.083,2867.73,136.821,4493.67,109.377
234,-30.7819,-49.0331,104.503,28.0362,-94.8163,-115.66,-122.931,191.883,734.301,258.932,1420.77,193.906,2867.7,137.408,4493.65,109.847
235,-27.2025,-51.1054,103.679,30.9476,-92.8116,-117.274,-124.681,190.75,733.925,259.995,1420.66,194.73,2867.67,137.995,4493.64,110.316
236,-23.4843,-52.917,102.774,33.8348,-90.7794,-118.854,-126.421,189.601,733.548,261.058,1420.54,195.553,2867.64,138.582,4493.63,110.785
237,-19.6462,-54.4584,101.788,36.6956,-88.7203,-120.398,-128.15,188.436,733.169,262.121,1420.43,196.377,2867.62,139.168,4493.62,111.255
238,-15.7079,-55.722,100.723,39.5276,-86.6349,-121.907,-129.868,187.255,732.789,263.183,1420.32,197.2,2867.59,139.755,4493.61,111.724
239,-11.6894,-56.7011,99.5787,42.3288,-84.5239,-123.38,-131.575,186.059,732.407,264.244,1420.2,198.023,2867.56,140.342,4493.6,112.193
240,-7.61127,-57.3909,98.3568,45.0968,-82.3879,-124.816,-133.271,184.847,732.024,265.305,1420.08,198.847,2867.53,140.929,4493.58,112.663
241,-3.49427,-57.7878,97.0579,47.8296,-80.2274,-126.215,-134.956,183.619,731.639,266.365,1419.97,199.67,2867.5,141.515,4493.57,113.132
242,0.640558,-57.8897,95.6832,50.5249,-78.0432,-127.577,-136.63,182.376,731.252,267.425,1419.85,200.493,2867.47,142.102,4493.56,113.601
243,4.77212,-57.6962,94.2336,53.1808,-75.8359,-128.901,-138.293,181.118,730.864,268.484,1419.74,201.316,2867.44,142.689,4493.55,114.071
244,8.87933,-57.2082,92.7104,55.795,-73.6061,-130.187,-139.944,179.845,730.474,269.542,1419.62,202.139,2867.41,143.276,4493.54,114.54
245,12.9412,-56.4283,91.1146,58.3657,-71.3545,-131.434,-141.583,178.557,730.083,270.6,1419.5,202.962,2867.38,143.862,4493.52,115.009
246,16.9371,-55.3603,89.4476,60.8907,-69.0817,-132.643,-143.21,177.253,729.691,271.658,1419.38,203.785,2867.35,144.449,4493.51,115.479
247,20.8465,-54.0098,87.7107,63.3681,-66.7886,-133.812,-144.825,175.935,729.297,272.715,1419.26,204.607,2867.32,145.036,4493.5,115.948
248,24.6495,-52.3837,85.9052,65.7959,-64.4756,-134.941,-146.428,174.602,728.901,273.771,1419.14,205.43,2867.29,145.622,4493.49,116.417
249,28.3267,-50.4902,84.0325,68.1723,-62.1435,-136.031,-148.019,173.255,728.504,274.827,1419.02,206.253,2867.26,146.209,4493.48,116.886
250,31.8594,-48.339,82.0942,70.4954,-59.793,-137.08,-149.598,171.893,728.105,275.882,1418.9,207.075,2867.23,146.796,4493.46,117.356
251,35.2294,-45.9412,80.0916,72.7634,-57.4249,-138.089,-151.164,170.517,727.705,276.936,1418.78,207.898,2867.2,147.382,4493.45,117.825
252,38.4197,-43.3088,78.0264,74.9745,-55.0397,-139.056,-152.717,169.126,727.303,277.99,1418.66,208.72,2867.17,147.969,4493.44,118.294
253,41.4139,-40.4555,75.9002,77.127,-52.6382,-139.983,-154.257,167.721,726.899,279.044,1418.54,209.542,2867.14,148.556,4493.43,118.764
254,44.1967,-37.3957,73.7147,79.2191,-50.2211,-140.868,-155.785,166.302,726.494,280.096,1418.42,210.365,2867.11,149.142,4493.41,119.233
255,46.754,-34.145,71.4715,81.2494,-47.7891,-141.711,-157.3,164.87,726.088,281.149,1418.29,211.187,2867.08,149.729,4493.4,119.702
256,49.0727,-30.7201,69.1725,83.2161,-45.343,-142.513,-158.801,163.423,725.68,282.2,1418.17,212.009,2867.05,150.316,4493.39,120.172
257,51.141,-27.1384,66.8194,85.1177,-42.8834,-143.272,-160.289,161.963,725.271,283.251,1418.05,212.831,2867.02,150.902,4493.38,120.641
258,52.9483,-23.4182,64.414,86.9528,-40.4112,-143.988,-161.764,160.489,724.86,284.302,1417.92,213.653,2866.99,151.489,4493.36,121.11
259,54.4854,-19.5786,61.9583,88.7199,-37.9269,-144.662,-163.225,159.002,724.447,285.351,1417.8,214.475,2866.96,152.075,4493.35,121.58
260,55.7444,-15.639,59.4542,90.4177,-35.4315,-145.294,-164.672,157.501,724.033,286.401,1417.67,215.297,2866.93,152.662,4493.34,122.049
261,56.7191,-11.6196,56.9036,92.0448,-32.9255,-145.882,-166.106,155.987,723.618,287.449,1417.55,216.118,2866.9,153.249,4493.33,122.518
262,57.4043,-7.5409,54.3085,93.5999,-30.4098,-146.427,-167.526,154.461,723.201,288.497,1417.42,216.94,2866.86,153.835,4493.31,122.987
263,57.7966,-3.42374,51.6709,95.0819,-27.8851,-146.928,-168.931,152.921,722.782,289.545,1417.3,217.762,2866.83,154.422,4493.3,123.457
264,57.8939,0.710885,48.993,96.4895,-25.3521,-147.387,-170.323,151.368,722.362,290.592,1417.17,218.583,2866.8,155.008,4493.29,123.926
265,57.6959,4.84189,46.2767,97.8217,-22.8116,-147.801,-171.7,149.803,721.94,291.638,1417.04,219.405,2866.77,155.595,4493.27,124.395
266,57.2036,8.94819,43.5243,99.0774,-20.2644,-148.172,-173.063,148.225,721.517,292.683,1416.91,220.226,2866.74,156.182,4493.26,124.865
267,56.4193,13.0088,40.7379,100.256,-17.7111,-148.498,-174.411,146.635,721.093,293.728,1416.78,221.048,2866.7,156.768,4493.25,125.334
268,55.3473,17.0031,37.9196,101.356,-15.1526,-148.781,-175.745,145.033,720.667,294.773,1416.66,221.869,2866.67,157.355,4493.24,125.803
269,53.9928,20.9106,35.0716,102.376,-12.5896,-149.02,-177.064,143.418,720.239,295.816,1416.53,222.69,2866.64,157.941,4493.22,126.273
270,52.3629,24.7115,32.1963,103.317,-10.0229,-149.214,-178.369,141.791,719.81,296.86,1416.4,223.511,2866.61,158.528,4493.21,126.742
271,50.4658,28.3863,29.2958,104.177,-7.45324,-149.365,-179.658,140.153,719.379,297.902,1416.27,224.332,2866.58,159.114,4493.2,127.211
272,48.3113,31.9162,26.3724,104.955,-4.88134,-149.471,-180.932,138.503,718.947,298.944,1416.14,225.153,2866.54,159.701,4493.18,127.68
273,45.9104,35.2834,23.4284,105.652,-2.308,-149.533,-182.191,136.841,718.513,299.985,1416,225.974,2866.51,160.287,4493.17,128.15
274,43.2753,38.4706,20.4661,106.266,0.266029,-149.55,-183.435,135.168,718.078,301.026,1415.87,226.795,2866.48,160.874,4493.16,128.619
275,40.4193,41.4615,17.4877,106.796,2.83998,-149.524,-184.664,133.483,717.641,302.066,1415.74,227.615,2866.44,161.46,4493.14,129.088
276,37.3573,44.2409,14.4958,107.244,5.41309,-149.453,-185.877,131.787,717.203,303.105,1415.61,228.436,2866.41,162.047,4493.13,129.558
277,34.1046,46.7947,11.4924,107.607,7.9846,-149.337,-187.074,130.08,716.764,304.144,1415.47,229.257,2866.38,162.633,4493.11,130.027
278,30.678,49.1097,8.48014,107.886,10.5537,-149.178,-188.256,128.363,716.322,305.182,1415.34,230.077,2866.34,163.22,4493.1,130.496
279,27.095,51.1743,5.46122,108.081,13.1198,-148.974,-189.422,126.634,715.88,306.219,1415.21,230.898,2866.31,163.806,4493.09,130.965
280,23.3737,52.9778,2.43803,108.192,15.6819,-148.726,-190.572,124.895,715.435,307.256,1415.07,231.718,2866.28,164.393,4493.07,131.435
281,19.5332,54.5112,-0.587069,108.218,18.2394,-148.434,-191.707,123.146,714.99,308.292,1414.94,232.538,2866.24,164.979,4493.06,131.904
282,15.5931,55.7665,-3.6117,108.159,20.7915,-148.098,-192.825,121.386,714.542,309.328,1414.8,233.358,2866.21,165.566,4493.05,132.373
283,11.5734,56.7373,-6.63351,108.016,23.3374,-147.719,-193.927,119.616,714.094,310.363,1414.66,234.178,2866.17,166.152,4493.03,132.842
284,7.49471,57.4188,-9.65014,107.789,25.8764,-147.295,-195.012,117.836,713.644,311.397,1414.53,234.998,2866.14,166.739,4493.02,133.312
285,3.37781,57.8074,-12.6592,107.477,28.4078,-146.828,-196.082,116.046,713.192,312.43,1414.39,235.818,2866.11,167.325,4493,133.781
286,-0.756326,57.9012,-15.6584,107.081,30.9307,-146.318,-197.135,114.246,712.739,313.463,1414.25,236.638,2866.07,167.912,4492.99,134.25
287,-4.8866,57.6997,-18.6453,106.601,33.4445,-145.764,-198.171,112.437,712.284,314.496,1414.12,237.458,2866.04,168.498,4492.98,134.719
288,-8.99195,57.2039,-21.6177,106.039,35.9484,-145.167,-199.191,110.618,711.828,315.527,1413.98,238.278,2866,169.084,4492.96,135.189
289,-13.0514,56.4164,-24.5732,105.393,38.4416,-144.526,-200.194,108.791,711.37,316.558,1413.84,239.097,2865.97,169.671,4492.95,135.658
290,-17.0444,55.3411,-27.5094,104.665,40.9235,-143.844,-201.181,106.954,710.911,317.588,1413.7,239.917,2865.93,170.257,4492.93,136.127
291,-20.9504,53.9835,-30.4242,103.855,43.3932,-143.118,-202.151,105.108,710.45,318.618,1413.56,240.736,2865.9,170.844,4492.92,136.597
292,-24.7495,52.3507,-33.3152,102.964,45.8501,-142.35,-203.103,103.253,709.988,319.647,1413.42,241.556,2865.86,171.43,4492.9,137.066
293,-28.4224,50.4508,-36.1801,101.992,48.2934,-141.54,-204.039,101.39,709.524,320.675,1413.28,242.375,2865.83,172.016,4492.89,137.535
294,-31.9503,48.2936,-39.0167,100.941,50.7224,-140.688,-204.957,99.5177,709.059,321.703,1413.14,243.194,2865.79,172.603,4492.88,138.004
295,-35.3153,45.8901,-41.8229,99.8105,53.1364,-139.794,-205.859,97.6375,708.593,322.729,1412.99,244.014,2865.76,173.189,4492.86,138.474
296,-38.5002,43.2526,-44.5963,98.6023,55.5346,-138.859,-206.743,95.7491,708.124,323.756,1412.85,244.833,2865.72,173.775,4492.85,138.943
297,-41.4887,40.3944,-47.3349,97.317,57.9164,-137.883,-207.61,93.8527,707.655,324.781,1412.71,245.652,2865.69,174.362,4492.83,139.412
298,-44.2655,37.3302,-50.0365,95.9556,60.2811,-136.866,-208.459,91.9484,707.184,325.806,1412.57,246.47,2865.65,174.948,4492.82,139.881
299,-46.8166,34.0757,-52.699,94.5192,62.6278,-135.808,-209.291,90.0364,706.711,326.83,1412.42,247.289,2865.61,175.535,4492.8,140.351
300,-49.1289,30.6473,-55.3203,93.0089,64.9561,-134.711,-210.105,88.1169,706.237,327.854,1412.28,248.108,2865.58,176.121,4492.79,140.82
301,-51.1906,27.0625,-57.8983,91.426,67.2651,-133.573,-210.902,86.19,705.762,328.876,1412.13,248.927,2865.54,176.707,4492.77,141.289
302,-52.9912,23.3398,-60.4311,89.7715,69.5542,-132.396,-211.681,84.2559,705.285,329.899,1411.99,249.745,2865.51,177.294,4492.76,141.758
303,-54.5215,19.498,-62.9166,88.0469,71.8227,-131.179,-212.443,82.3147,704.806,330.92,1411.84,250.564,2865.47,177.88,4492.74,142.228
304,-55.7737,15.5567,-65.353,86.2535,74.0699,-129.924,-213.186,80.3666,704.326,331.941,1411.7,251.382,2865.43,178.466,4492.73,142.697
305,-56.7413,11.5361,-67.7382,84.3926,76.2951,-128.63,-213.912,78.4118,703.845,332.961,1411.55,252.2,2865.4,179.052,4492.71,143.166
306,-57.4195,7.45659,-70.0706,82.4658,78.4978,-127.298,-214.62,76.4505,703.362,333.98,1411.4,253.019,2865.36,179.639,4492.7,143.635
307,-57.8047,3.33907,-72.3481,80.4745,80.6773,-125.929,-215.31,74.4827,702.877,334.999,1411.26,253.837,2865.32,180.225,4492.68,144.104
308,-57.8951,-0.795481,-74.5691,78.4203,82.8328,-124.522,-215.982,72.5087,702.391,336.017,1411.11,254.655,2865.29,180.811,4492.67,144.574
309,-57.6901,-4.92597,-76.7317,76.3048,84.9638,-123.078,-216.635,70.5286,701.904,337.034,1410.96,255.473,2865.25,181.398,4492.65,145.043
310,-57.1907,-9.03133,-78.8344,74.1296,87.0697,-121.598,-217.271,68.5426,701.415,338.05,1410.81,256.291,2865.21,181.984,4492.64,145.512
311,-56.3996,-13.0906,-80.8755,71.8965,89.1497,-120.081,-217.888,66.5508,700.925,339.066,1410.66,257.109,2865.17,182.57,4492.62,145.981
312,-55.3207,-17.0831,-82.8533,69.6072,91.2034,-118.53,-218.487,64.5535,700.433,340.081,1410.51,257.926,2865.14,183.156,4492.61,146.451
313,-53.9595,-20.9884,-84.7663,67.2634,93.23,-116.943,-219.068,62.5508,699.94,341.096,1410.36,258.744,2865.1,183.743,4492.59,146.92
314,-52.3231,-24.7867,-86.6131,64.8671,95.2291,-115.321,-219.631,60.5428,699.445,342.109,1410.21,259.561,2865.06,184.329,4492.58,147.389
315,-50.4196,-28.4584,-88.3922,62.4201,97.1999,-113.665,-220.175,58.5298,698.949,343.122,1410.06,260.379,2865.02,184.915,4492.56,147.858
316,-48.2588,-31.9849,-90.1021,59.9242,99.142,-111.976,-220.7,56.5118,698.451,344.134,1409.91,261.196,2864.98,185.501,4492.55,148.327
317,-45.8518,-35.3483,-91.7416,57.3815,101.055,-110.253,-221.207,54.4892,697.952,345.146,1409.75,262.014,2864.95,186.087,4492.53,148.797
318,-43.2108,-38.5312,-93.3094,54.7939,102.937,-108.498,-221.696,52.4619,697.452,346.157,1409.6,262.831,2864.91,186.674,4492.52,149.266
319,-40.3492,-41.5175,-94.8042,52.1635,104.79,-106.711,-222.166,50.4303,696.95,347.167,1409.45,263.648,2864.87,187.26,4492.5,149.735
320,-37.2818,-44.2919,-96.2249,49.4923,106.611,-104.892,-222.617,48.3944,696.446,348.176,1409.29,264.465,2864.83,187.846,4492.48,150.204
321,-34.0241,-46.8402,-97.5703,46.7825,108.401,-103.042,-223.05,46.3545,695.941,349.185,1409.14,265.282,2864.79,188.432,4492.47,150.674
322,-30.5927,-49.1496,-98.8395,44.036,110.158,-101.162,-223.464,44.3107,695.435,350.192,1408.99,266.099,2864.75,189.018,4492.45,151.143
323,-27.0052,-51.208,-100.031,41.2551,111.883,-99.2511,-223.859,42.2632,694.927,351.2,1408.83,266.915,2864.72,189.605,4492.44,151.612
324,-23.2799,-53.0051,-101.145,38.4419,113.575,-97.3112,-224.236,40.2121,694.418,352.206,1408.67,267.732,2864.68,190.191,4492.42,152.081
325,-19.4357,-54.5317,-102.179,35.5987,115.233,-95.3426,-224.594,38.1577,693.907,353.212,1408.52,268.549,2864.64,190.777,4492.4,152.55
326,-15.4923,-55.7799,-103.134,32.7276,116.857,-93.3456,-224.933,36.1001,693.395,354.216,1408.36,269.365,2864.6,191.363,4492.39,153.02
327,-11.4699,-56.7434,-104.008,29.831,118.447,-91.3211,-225.253,34.0394,692.881,355.221,1408.21,270.182,2864.56,191.949,4492.37,153.489
328,-7.38892,-57.4173,-104.801,26.911,120.001,-89.2695,-225.554,31.9759,692.366,356.224,1408.05,270.998,2864.52,192.535,4492.36,153.958
329,-3.27022,-57.7981,-105.511,23.97,121.52,-87.1915,-225.836,29.9098,691.849,357.227,1407.89,271.814,2864.48,193.121,4492.34,154.427
330,0.865174,-57.8839,-106.14,21.0102,123.003,-85.0876,-226.1,27.8411,691.331,358.229,1407.73,272.63,2864.44,193.707,4492.32,154.896
331,4.99616,-57.6742,-106.685,18.034,124.45,-82.9586,-226.344,25.7701,690.812,359.23,1407.57,273.446,2864.4,194.294,4492.31,155.366
332,9.10164,-57.1701,-107.146,15.0437,125.859,-80.805,-226.57,23.6969,690.291,360.23,1407.41,274.262,2864.36,194.88,4492.29,155.835
333,13.1607,-56.3742,-107.524,12.0416,127.232,-78.6275,-226.776,21.6217,689.768,361.23,1407.25,275.078,2864.32,195.466,4492.28,156.304
334,17.1525,-55.2905,-107.818,9.0301,128.566,-76.4266,-226.964,19.5448,689.244,362.229,1407.09,275.894,2864.28,196.052,4492.26,156.773
335,21.0568,-53.9246,-108.028,6.01154,129.863,-74.2032,-227.132,17.4661,688.719,363.227,1406.93,276.709,2864.24,196.638,4492.24,157.242
336,24.8536,-52.2835,-108.153,2.98828,131.121,-71.9578,-227.281,15.3861,688.192,364.224,1406.77,277.525,2864.2,197.224,4492.23,157.712
337,28.5235,-50.3754,-108.193,-0.0373121,132.34,-69.6911,-227.412,13.3047,687.664,365.221,1406.61,278.34,2864.16,197.81,4492.21,158.181
338,32.0479,-48.2102,-108.149,-3.06288,133.521,-67.4037,-227.523,11.2222,687.135,366.217,1406.45,279.156,2864.12,198.396,4492.19,158.65
339,35.4086,-45.7989,-108.02,-6.08604,134.661,-65.0964,-227.615,9.13881,686.603,367.212,1406.28,279.971,2864.08,198.982,4492.18,159.119
340,38.5887,-43.1539,-107.807,-9.10445,135.762,-62.7698,-227.688,7.05463,686.071,368.206,1406.12,280.786,2864.04,199.568,4492.16,159.588
341,41.5717,-40.2885,-107.509,-12.1157,136.823,-60.4246,-227.743,4.96985,685.537,369.199,1405.96,281.601,2864,200.154,4492.14,160.057
342,44.3426,-37.2176,-107.127,-15.1175,137.843,-58.0615,-227.777,2.88466,685.002,370.192,1405.79,282.416,2863.95,200.74,4492.13,160.527
343,46.8871,-33.9566,-106.661,-18.1075,138.822,-55.6813,-227.793,0.799232,684.465,371.184,1405.63,283.231,2863.91,201.326,4492.11,160.996
344,49.1923,-30.5224,-106.112,-21.0833,139.76,-53.2845,-227.79,-1.28627,683.927,372.175,1405.46,284.046,2863.87,201.912,4492.09,161.465
345,51.2465,-26.9323,-105.48,-24.0426,140.657,-50.872,-227.768,-3.37166,683.387,373.166,1405.3,284.861,2863.83,202.498,4492.08,161.934
346,53.0391,-23.2048,-104.766,-26.9832,141.512,-48.4444,-227.726,-5.45676,682.846,374.155,1405.13,285.675,2863.79,203.084,4492.06,162.403
347,54.561,-19.3589,-103.969,-29.9025,142.325,-46.0025,-227.666,-7.54141,682.303,375.144,1404.96,286.49,2863.75,203.67,4492.04,162.872
348,55.8044,-15.4141,-103.091,-32.7985,143.096,-43.5469,-227.586,-9.62543,681.759,376.132,1404.8,287.304,2863.7,204.256,4492.02,163.342
349,56.7631,-11.3907,-102.133,-35.6689,143.825,-41.0785,-227.488,-11.7086,681.214,377.12,1404.63,288.119,2863.66,204.842,4492.01,163.811
350,57.432,-7.3092,-101.094,-38.5113,144.511,-38.5978,-227.37,-13.7909,680.667,378.106,1404.46,288.933,2863.62,205.428,4491.99,164.28
351,57.8079,-3.19036,-99.9766,-41.3236,145.155,-36.1058,-227.233,-15.8719,680.119,379.092,1404.29,289.747,2863.58,206.014,4491.97,164.749
352,57.8888,0.944755,-98.7808,-44.1035,145.755,-33.6031,-227.077,-17.9517,679.569,380.077,1404.12,290.561,2863.54,206.6,4491.96,165.218
353,57.6743,5.07505,-97.5077,-46.849,146.312,-31.0904,-226.903,-20.0299,679.018,381.061,1403.96,291.375,2863.49,207.186,4491.94,165.687
354,57.1655,9.17946,-96.1582,-49.5578,146.826,-28.5685,-226.709,-22.1065,678.465,382.044,1403.79,292.189,2863.45,207.771,4491.92,166.157
355,56.3651,13.237,-94.7336,-52.2278,147.297,-26.0382,-226.496,-24.1812,677.911,383.026,1403.62,293.003,2863.41,208.357,4491.9,166.626
356,55.277,17.2271,-93.2348,-54.8569,147.724,-23.5001,-226.264,-26.2539,677.356,384.008,1403.44,293.816,2863.37,208.943,4491.89,167.095
357,53.9069,21.1292,-91.663,-57.4431,148.107,-20.9551,-226.013,-28.3243,676.799,384.989,1403.27,294.63,2863.32,209.529,4491.87,167.564
358,52.2618,24.9235,-90.0195,-59.9843,148.446,-18.4039,-225.743,-30.3924,676.241,385.969,1403.1,295.443,2863.28,210.115,4491.85,168.033
359,50.3501,28.5907,-88.3055,-62.4786,148.742,-15.8473,-225.455,-32.458,675.681,386.948,1402.93,296.257,2863.24,210.701,4491.83,168.502
360,48.1815,32.112,-86.5224,-64.924,148.993,-13.2859,-225.147,-34.5208,675.12,387.927,1402.76,297.07,2863.19,211.287,4491.82,168.971
361,45.7671,35.4695,-84.6716,-67.3186,149.2,-10.7206,-224.821,-36.5807,674.558,388.904,1402.58,297.883,2863.15,211.872,4491.8,169.441
362,43.1192,38.6461,-82.7545,-69.6605,149.364,-8.15217,-224.475,-38.6376,673.994,389.881,1402.41,298.696,2863.11,212.458,4491.78,169.91
363,40.2514,41.6256,-80.7727,-71.9478,149.482,-5.58129,-224.111,-40.6912,673.428,390.857,1402.24,299.509,2863.06,213.044,4491.76,170.379
364,37.1783,44.3927,-78.7276,-74.1789,149.557,-3.00877,-223.728,-42.7415,672.862,391.832,1402.06,300.322,2863.02,213.63,4491.74,170.848
365,33.9156,46.9334,-76.6209,-76.3519,149.588,-0.435349,-223.326,-44.7881,672.293,392.807,1401.89,301.135,2862.98,214.216,4491.73,171.317
366,30.4798,49.2347,-74.4543,-78.4651,149.574,2.1382,-222.906,-46.831,671.724,393.78,1401.71,301.947,2862.93,214.802,4491.71,171.786
367,26.8886,51.2848,-72.2293,-80.5169,149.516,4.71112,-222.467,-48.8699,671.153,394.753,1401.53,302.76,2862.89,215.387,4491.69,172.255
368,23.1603,53.0735,-69.9478,-82.5057,149.413,7.28264,-222.009,-50.9048,670.58,395.725,1401.36,303.573,2862.84,215.973,4491.67,172.725
369,19.3139,54.5914,-67.6116,-84.4298,149.267,9.85201,-221.533,-52.9354,670.007,396.696,1401.18,304.385,2862.8,216.559,4491.65,173.194
370,15.3689,55.8309,-65.2224,-86.2879,149.076,12.4185,-221.038,-54.9615,669.431,397.666,1401,305.197,2862.75,217.145,4491.64,173.663
371,11.3456,56.7857,-62.7821,-88.0785,148.841,14.9812,-220.524,-56.983,668.855,398.636,1400.83,306.009,2862.71,217.73,4491.62,174.132
372,7.26439,57.4509,-60.2928,-89.8001,148.562,17.5396,-219.992,-58.9998,668.277,399.604,1400.65,306.821,2862.66,218.316,4491.6,174.601
373,3.14616,57.8232,-57.7562,-91.4513,148.239,20.0928,-219.442,-61.0116,667.697,400.572,1400.47,307.633,2862.62,218.902,4491.58,175.07
374,-0.988112,57.9005,-55.1744,-93.031,147.872,22.64,-218.873,-63.0183,667.117,401.539,1400.29,308.445,2862.57,219.488,4491.56,175.539
375,-5.11734,57.6826,-52.5493,-94.5379,147.462,25.1805,-218.286,-65.0197,666.534,402.505,1400.11,309.257,2862.53,220.073,4491.54,176.008
376,-9.22048,57.1705,-49.8832,-95.9707,147.008,27.7136,-217.68,-67.0157,665.951,403.47,1399.93,310.068,2862.48,220.659,4491.53,176.478
377,-13.2766,56.3669,-47.178,-97.3284,146.51,30.2384,-217.057,-69.006,665.366,404.434,1399.75,310.88,2862.44,221.245,4491.51,176.947
378,-17.265,55.2759,-44.4359,-98.6099,145.969,32.7543,-216.415,-70.9906,664.78,405.398,1399.57,311.691,2862.39,221.83,4491.49,177.416
379,-21.1654,53.9029,-41.6589,-99.8142,145.385,35.2606,-215.755,-72.9692,664.192,406.36,1399.39,312.503,2862.35,222.416,4491.47,177.885
380,-24.9578,52.2551,-38.8494,-100.94,144.758,37.7564,-215.076,-74.9417,663.603,407.322,1399.2,313.314,2862.3,223.002,4491.45,178.354
381,-28.623,50.3409,-36.0094,-101.987,144.088,40.241,-214.38,-76.9078,663.012,408.283,1399.02,314.125,2862.26,223.587,4491.43,178.823
382,-32.1422,48.1699,-33.1412,-102.955,143.375,42.7137,-213.666,-78.8676,662.42,409.243,1398.84,314.936,2862.21,224.173,4491.41,179.292
383,-35.4974,45.7533,-30.2471,-103.841,142.62,45.1738,-212.934,-80.8207,661.827,410.202,1398.65,315.747,2862.16,224.759,4491.4,179.761
384,-38.6717,43.1033,-27.3293,-104.647,141.822,47.6205,-212.184,-82.7671,661.232,411.161,1398.47,316.558,2862.12,225.344,4491.38,180.23
385,-41.6488,40.2336,-24.3901,-105.37,140.983,50.0532,-211.416,-84.7065,660.636,412.118,1398.29,317.368,2862.07,225.93,4491.36,180.699
386,-44.4134,37.1587,-21.4318,-106.011,140.102,52.471,-210.631,-86.6388,660.038,413.075,1398.1,318.179,2862.03,226.516,4491.34,181.169
387,-46.9516,33.8942,-18.4567,-106.569,139.18,54.8733,-209.828,-88.5639,659.439,414.03,1397.92,318.989,2861.98,227.101,4491.32,181.638
388,-49.2503,30.4569,-15.4672,-107.043,138.216,57.2594,-209.007,-90.4815,658.839,414.985,1397.73,319.8,2861.93,227.687,4491.3,182.107
389,-51.2978,26.8643,-12.4656,-107.434,137.212,59.6285,-208.168,-92.3915,658.237,415.939,1397.54,320.61,2861.89,228.272,4491.28,182.576
390,-53.0837,23.1347,-9.45414,-107.74,136.167,61.98,-207.313,-94.2938,657.634,416.892,1397.36,321.42,2861.84,228.858,4491.26,183.045
391,-54.5988,19.2871,-6.43533,-107.962,135.081,64.3131,-206.44,-96.1881,657.03,417.845,1397.17,322.23,2861.79,229.444,4491.24,183.514
392,-55.8354,15.3411,-3.41147,-108.1,133.956,66.6272,-205.549,-98.0744,656.424,418.796,1396.98,323.04,2861.74,230.029,4491.22,183.983
393,-56.7873,11.3168,-0.384942,-108.153,132.791,68.9217,-204.641,-99.9525,655.817,419.747,1396.79,323.85,2861.7,230.615,4491.21,184.452
394,-57.4495,7.23483,2.64189,-108.121,131.587,71.1957,-203.717,-101.822,655.208,420.696,1396.6,324.66,2861.65,231.2,4491.19,184.921
395,-57.8186,3.11595,5.66665,-108.005,130.344,73.4487,-202.775,-103.683,654.598,421.645,1396.41,325.469,2861.6,231.786,4491.17,185.39
396,-57.8928,-1.01882,8.68698,-107.804,129.062,75.6799,-201.816,-105.536,653.987,422.593,1396.23,326.279,2861.55,232.371,4491.15,185.859
397,-57.6717,-5.1484,11.7005,-107.518,127.742,77.8888,-200.84,-107.379,653.374,423.54,1396.04,327.088,2861.51,232.957,4491.13,186.328
398,-57.1563,-9.25171,14.7049,-107.149,126.384,80.0746,-199.847,-109.214,652.76,424.486,1395.84,327.898,2861.46,233.542,4491.11,186.798
399,-56.3493,-13.3078,17.6977,-106.695,124.989,82.2367,-198.838,-111.039,652.145,425.431,1395.65,328.707,2861.41,234.128,4491.09,187.267
400,-55.2548,-17.296,20.6767,-106.158,123.557,84.3745,-197.812,-112.856,651.528,426.375,1395.46,329.516,2861.36,234.713,4491.07,187.736
401,-53.8785,-21.196,23.6395,-105.538,122.089,86.4874,-196.769,-114.662,650.91,427.319,1395.27,330.325,2861.32,235.299,4491.05,188.205
402,-52.2271,-24.9878,26.5838,-104.835,120.584,88.5746,-195.71,-116.459,650.291,428.261,1395.08,331.134,2861.27,235.884,4491.03,188.674
403,-50.3093,-28.6521,29.5073,-104.05,119.044,90.6357,-194.634,-118.247,649.67,429.203,1394.88,331.942,2861.22,236.47,4491.01,189.143
404,-48.1348,-32.1702,32.4077,-103.184,117.468,92.67,-193.542,-120.024,649.047,430.144,1394.69,332.751,2861.17,237.055,4490.99,189.612
405,-45.7146,-35.5241,35.2827,-102.236,115.858,94.6768,-192.434,-121.791,648.424,431.083,1394.5,333.559,2861.12,237.64,4490.97,190.081
406,-43.0611,-38.6967,38.13,-101.209,114.213,96.6557,-191.309,-123.548,647.799,432.022,1394.3,334.368,2861.07,238.226,4490.95,190.55
407,-40.1879,-41.6719,40.9475,-100.102,112.535,98.606,-190.169,-125.295,647.173,432.96,1394.11,335.176,2861.02,238.811,4490.93,191.019
408,-37.1095,-44.4343,43.733,-98.9175,110.823,100.527,-189.012,-127.031,646.545,433.897,1393.91,335.984,2860.97,239.397,4490.91,191.488
409,-33.8418,-46.97,46.4842,-97.6551,109.079,102.418,-187.84,-128.757,645.916,434.833,1393.72,336.792,2860.93,239.982,4490.89,191.957
410,-30.4013,-49.2659,49.199,-96.3162,107.302,104.28,-186.652,-130.471,645.285,435.769,1393.52,337.6,2860.88,240.567,4490.87,192.426
411,-26.8056,-51.3104,51.8753,-94.9019,105.494,106.11,-185.449,-132.175,644.654,436.703,1393.32,338.408,2860.83,241.153,4490.85,192.895
412,-23.0731,-53.093,54.5109,-93.4133,103.654,107.909,-184.229,-133.868,644.021,437.636,1393.13,339.216,2860.78,241.738,4490.83,193.364
413,-19.2229,-54.6045,57.1039,-91.8515,101.784,109.676,-182.995,-135.549,643.386,438.569,1392.93,340.023,2860.73,242.324,4490.81,193.833
414,-15.2745,-55.8373,59.6521,-90.2178,99.8837,111.41,-181.745,-137.22,642.75,439.501,1392.73,340.831,2860.68,242.909,4490.79,194.302
415,-11.2481,-56.785,62.1537,-88.5135,97.9539,113.112,-180.479,-138.878,642.113,440.431,1392.53,341.638,2860.63,243.494,4490.77,194.771
416,-7.16429,-57.4429,64.6066,-86.7398,95.995,114.78,-179.199,-140.525,641.475,441.361,1392.33,342.446,2860.58,244.079,4490.75,195.24
417,-3.04391,-57.8075,67.0089,-84.8983,94.0078,116.414,-177.904,-142.16,640.835,442.29,1392.13,343.253,2860.53,244.665,4490.73,195.709
418,1.092,-57.877,69.3587,-82.9902,91.9928,118.014,-176.593,-143.783,640.194,443.218,1391.93,344.06,2860.48,245.25,4490.71,196.179
419,5.22235,-57.651,71.6543,-81.0172,89.9506,119.579,-175.268,-145.395,639.551,444.145,1391.73,344.867,2860.43,245.835,4490.69,196.648
420,9.32603,-57.1307,73.8937,-78.9808,87.8818,121.108,-173.928,-146.994,638.907,445.071,1391.53,345.673,2860.38,246.421,4490.67,197.117
421,13.3821,-56.3187,76.0753,-76.8825,85.787,122.602,-172.574,-148.58,638.262,445.996,1391.33,346.48,2860.33,247.006,4490.65,197.586
422,17.3699,-55.2192,78.1973,-74.724,83.6668,124.059,-171.205,-150.154,637.615,446.92,1391.13,347.287,2860.27,247.591,4490.62,198.055
423,21.2689,-53.8378,80.258,-72.507,81.5219,125.48,-169.822,-151.716,636.968,447.843,1390.93,348.093,2860.22,248.176,4490.6,198.524
424,25.0594,-52.1815,82.256,-70.2332,79.3529,126.864,-168.424,-153.265,636.318,448.765,1390.72,348.899,2860.17,248.762,4490.58,198.993
425,28.722,-50.2587,84.1896,-67.9044,77.1604,128.21,-167.012,-154.801,635.668,449.687,1390.52,349.706,2860.12,249.347,4490.56,199.462
426,32.2379,-48.0795,86.0572,-65.5225,74.9452,129.518,-165.587,-156.324,635.016,450.607,1390.32,350.512,2860.07,249.932,4490.54,199.931
427,35.5892,-45.6547,87.8575,-63.0893,72.7077,130.788,-164.147,-157.834,634.363,451.527,1390.11,351.318,2860.02,250.517,4490.52,200.4
428,38.7589,-42.9969,89.589,-60.6067,70.4488,132.019,-162.694,-159.33,633.708,452.445,1389.91,352.124,2859.97,251.103,4490.5,200.869
429,41.7307,-40.1195,91.2503,-58.0766,68.169,133.212,-161.227,-160.814,633.052,453.363,1389.7,352.929,2859.92,251.688,4490.48,201.338
430,44.4894,-37.0374,92.8402,-55.5011,65.8691,134.365,-159.746,-162.283,632.395,454.279,1389.5,353.735,2859.86,252.273,4490.46,201.807
431,47.0211,-33.7661,94.3575,-52.8821,63.5498,135.478,-158.252,-163.739,631.737,455.195,1389.29,354.541,2859.81,252.858,4490.44,202.276
432,49.3127,-30.3225,95.8009,-50.2218,61.2116,136.551,-156.745,-165.182,631.077,456.11,1389.08,355.346,2859.76,253.443,4490.41,202.745
433,51.3525,-26.7241,97.1693,-47.5221,58.8553,137.583,-155.224,-166.61,630.415,457.023,1388.88,356.151,2859.71,254.028,4490.39,203.214
434,53.1303,-22.9893,98.4616,-44.7852,56.4817,138.576,-153.691,-168.025,629.753,457.936,1388.67,356.956,2859.66,254.613,4490.37,203.683
435,54.6368,-19.1372,99.6769,-42.0133,54.0913,139.527,-152.145,-169.426,629.089,458.848,1388.46,357.761,2859.6,255.199,4490.35,204.152
436,55.8645,-15.1873,100.814,-39.2084,51.685,140.436,-150.586,-170.812,628.424,459.759,1388.25,358.566,2859.55,255.784,4490.33,204.621
437,56.8071,-11.16,101.872,-36.3729,49.2633,141.305,-149.014,-172.184,627.757,460.669,1388.04,359.371,2859.5,256.369,4490.31,205.09
438,57.4597,-7.07568,102.851,-33.5089,46.8272,142.131,-147.43,-173.541,627.09,461.577,1387.83,360.176,2859.45,256.954,4490.29,205.559
439,57.8191,-2.95526,103.749,-30.6187,44.3771,142.916,-145.833,-174.884,626.421,462.485,1387.62,360.98,2859.39,257.539,4490.26,206.028
440,57.8834,1.18024,104.566,-27.7045,41.914,143.658,-144.224,-176.212,625.75,463.392,1387.41,361.785,2859.34,258.124,4490.24,206.497
441,57.6523,5.30972,105.301,-24.7687,39.4385,144.358,-142.603,-177.526,625.078,464.298,1387.2,362.589,2859.29,258.709,4490.22,206.966
442,57.1271,9.41211,105.954,-21.8134,36.9513,145.015,-140.971,-178.824,624.405,465.203,1386.99,363.393,2859.23,259.294,4490.2,207.435
443,56.3103,13.4665,106.524,-18.8411,34.4532,145.629,-139.326,-180.108,623.731,466.107,1386.78,364.197,2859.18,259.879,4490.18,207.904
444,55.2062,17.4521,107.01,-15.854,31.9449,146.201,-137.669,-181.376,623.055,467.011,1386.57,365.001,2859.13,260.464,4490.16,208.373
445,53.8205,21.3487,107.413,-12.8545,29.4271,146.729,-136.001,-182.63,622.378,467.913,1386.36,365.805,2859.07,261.049,4490.13,208.841
446,52.1602,25.1364,107.731,-9.845,26.9007,147.213,-134.322,-183.868,621.7,468.814,1386.14,366.609,2859.02,261.634,4490.11,209.31
447,50.2338,28.7959,107.966,-6.82776,24.3663,147.654,-132.631,-185.09,621.021,469.714,1385.93,367.412,2858.97,262.219,4490.09,209.779
448,48.0511,32.3084,108.115,-3.80517,21.8247,148.052,-130.93,-186.297,620.34,470.613,1385.71,368.216,2858.91,262.804,4490.07,210.248
449,45.6233,35.6562,108.181,-0.779604,19.2767,148.405,-129.217,-187.488,619.658,471.511,1385.5,369.019,2858.86,263.389,4490.05,210.717
450,42.9628,38.8221,108.161,2.24657,16.723,148.715,-127.493,-188.664,618.974,472.408,1385.29,369.822,2858.81,263.974,4490.02,211.186
451,40.0831,41.7899,108.057,5.27099,14.1643,148.981,-125.759,-189.824,618.289,473.304,1385.07,370.625,2858.75,264.559,4490,211.655
452,36.999,44.5446,107.869,8.29129,11.6015,149.203,-124.014,-190.967,617.603,474.2,1384.85,371.428,2858.7,265.144,4489.98,212.124
453,33.7262,47.0722,107.596,11.3051,9.03519,149.381,-122.259,-192.095,616.916,475.094,1384.64,372.231,2858.64,265.729,4489.96,212.593
454,30.2814,49.3596,107.239,14.3101,6.46625,149.514,-120.493,-193.207,616.227,475.987,1384.42,373.034,2858.59,266.314,4489.94,213.062
455,26.6822,51.3953,106.798,17.3039,3.89539,149.604,-118.718,-194.302,615.537,476.879,1384.2,373.836,2858.53,266.899,4489.91,213.531
456,22.9469,53.169,106.273,20.2841,1.32338,149.649,-116.932,-195.381,614.846,477.77,1383.99,374.639,2858.48,267.484,4489.89,214
457,19.0946,54.6715,105.665,23.2485,-1.24901,149.65,-115.137,-196.444,614.153,478.661,1383.77,375.441,2858.42,268.069,4489.87,214.469
458,15.145,55.8952,104.975,26.1947,-3.82104,149.607,-113.332,-197.49,613.46,479.55,1383.55,376.243,2858.37,268.653,4489.85,214.938
459,11.1181,56.834,104.202,29.1204,-6.39193,149.519,-111.517,-198.52,612.764,480.438,1383.33,377.045,2858.31,269.238,4489.82,215.407
460,7.03449,57.4829,103.348,32.0233,-8.96093,149.387,-109.693,-199.533,612.068,481.325,1383.11,377.847,2858.26,269.823,4489.8,215.876
461,2.91504,57.8387,102.414,34.9012,-11.5273,149.212,-107.86,-200.529,611.37,482.211,1382.89,378.649,2858.2,270.408,4489.78,216.345
462,-1.21927,57.8996,101.399,37.7518,-14.0902,148.992,-106.018,-201.509,610.671,483.096,1382.67,379.451,2858.15,270.993,4489.76,216.814
463,-5.34736,57.6654,100.305,40.5728,-16.649,148.728,-104.167,-202.471,609.971,483.981,1382.45,380.253,2858.09,271.578,4489.73,217.283
464,-9.44818,57.1371,99.132,43.3622,-19.2029,148.42,-102.307,-203.417,609.27,484.864,1382.23,381.054,2858.04,272.162,4489.71,217.751
465,-13.5008,56.3175,97.8818,46.1176,-21.751,148.068,-100.438,-204.345,608.567,485.746,1382,381.855,2857.98,272.747,4489.69,218.22
466,-17.4846,55.2108,96.5551,48.8369,-24.2928,147.672,-98.5613,-205.257,607.863,486.627,1381.78,382.656,2857.92,273.332,4489.66,218.689
467,-21.3793,53.8226,95.1529,51.5181,-26.8273,147.233,-96.6762,-206.151,607.157,487.507,1381.56,383.458,2857.87,273.917,4489.64,219.158
468,-25.165,52.16,93.6763,54.159,-29.354,146.75,-94.7829,-207.027,606.451,488.386,1381.34,384.258,2857.81,274.501,4489.62,219.627
469,-28.8224,50.2314,92.1264,56.7575,-31.8719,146.224,-92.8817,-207.887,605.743,489.264,1381.11,385.059,2857.75,275.086,4489.6,220.096
470,-32.3328,48.0468,90.5045,59.3117,-34.3805,145.655,-90.9727,-208.729,605.034,490.141,1380.89,385.86,2857.7,275.671,4489.57,220.565
471,-35.6783,45.6172,88.8119,61.8195,-36.8788,145.043,-89.0561,-209.553,604.323,491.017,1380.66,386.66,2857.64,276.256,4489.55,221.034
472,-38.842,42.955,87.0498,64.279,-39.3663,144.387,-87.1319,-210.36,603.612,491.892,1380.44,387.461,2857.59,276.84,4489.53,221.503
473,-41.8076,40.0738,85.2196,66.6882,-41.8421,143.689,-85.2005,-211.149,602.899,492.766,1380.21,388.261,2857.53,277.425,4489.5,221.972
474,-44.56,36.9882,83.3228,69.0452,-44.3056,142.949,-83.2619,-211.921,602.184,493.639,1379.98,389.061,2857.47,278.01,4489.48,222.441
475,-47.0853,33.7141,81.3609,71.3483,-46.756,142.166,-81.3163,-212.675,601.469,494.51,1379.76,389.861,2857.41,278.594,4489.46,222.909
476,-49.3704,30.2681,79.3354,73.5956,-49.1925,141.342,-79.3639,-213.41,600.752,495.381,1379.53,390.661,2857.36,279.179,4489.43,223.378
477,-51.4038,26.6677,77.2479,75.7854,-51.6145,140.475,-77.4049,-214.128,600.034,496.251,1379.3,391.461,2857.3,279.764,4489.41,223.847
478,-53.1751,22.9313,75.0999,77.9159,-54.0212,139.567,-75.4393,-214.828,599.315,497.12,1379.08,392.261,2857.24,280.348,4489.39,224.316
479,-54.6752,19.078,72.8933,79.9856,-56.412,138.618,-73.4674,-215.51,598.594,497.987,1378.85,393.06,2857.18,280.933,4489.36,224.785
480,-55.8964,15.1274,70.6297,81.9927,-58.7861,137.628,-71.4894,-216.174,597.872,498.854,1378.62,393.859,2857.13,281.518,4489.34,225.254
481,-56.8326,11.0997,68.3109,83.9357,-61.1429,136.597,-69.5053,-216.82,597.149,499.719,1378.39,394.659,2857.07,282.102,4489.32,225.723
482,-57.4789,7.01534,65.9387,85.8131,-63.4815,135.526,-67.5154,-217.447,596.425,500.584,1378.16,395.458,2857.01,282.687,4489.29,226.192
483,-57.8321,2.89521,63.5149,87.6235,-65.8014,134.415,-65.5198,-218.056,595.699,501.447,1377.93,396.257,2856.95,283.271,4489.27,226.661
484,-57.8903,-1.23969,61.0416,89.3653,-68.1018,133.264,-63.5188,-218.647,594.973,502.31,1377.7,397.056,2856.89,283.856,4489.24,227.129
485,-57.6531,-5.36826,58.5205,91.0373,-70.3821,132.073,-61.5124,-219.22,594.245,503.171,1377.47,397.854,2856.84,284.441,4489.22,227.598
486,-57.1219,-9.46945,55.9536,92.6382,-72.6416,130.844,-59.5008,-219.774,593.515,504.031,1377.23,398.653,2856.78,285.025,4489.2,228.067
487,-56.2993,-13.5223,53.3431,94.1667,-74.8797,129.576,-57.4842,-220.31,592.785,504.891,1377,399.451,2856.72,285.61,4489.17,228.536
488,-55.1894,-17.5062,50.6909,95.6216,-77.0956,128.269,-55.4629,-220.827,592.053,505.749,1376.77,400.25,2856.66,286.194,4489.15,229.005
489,-53.798,-21.4008,47.999,97.0017,-79.2887,126.925,-53.4368,-221.326,591.32,506.606,1376.54,401.048,2856.6,286.779,4489.13,229.474
490,-52.132,-25.1862,45.2697,98.3061,-81.4584,125.543,-51.4063,-221.806,590.586,507.462,1376.3,401.846,2856.54,287.363,4489.1,229.943
491,-50.2001,-28.843,42.5049,99.5336,-83.6039,124.124,-49.3715,-222.267,589.85,508.317,1376.07,402.644,2856.48,287.948,4489.08,230.412
492,-48.0119,-32.3527,39.707,100.683,-85.7248,122.669,-47.3325,-222.71,589.113,509.171,1375.83,403.441,2856.43,288.532,4489.05,230.88
493,-45.5788,-35.6973,36.878,101.754,-87.8204,121.177,-45.2895,-223.134,588.375,510.024,1375.6,404.239,2856.37,289.117,4489.03,231.349
494,-42.913,-38.8597,34.0202,102.746,-89.8899,119.649,-43.2428,-223.54,587.636,510.876,1375.36,405.037,2856.31,289.701,4489,231.818
495,-40.0283,-41.8237,31.1359,103.657,-91.933,118.086,-41.1924,-223.927,586.896,511.726,1375.13,405.834,2856.25,290.285,4488.98,232.287
496,-36.9392,-44.5743,28.2272,104.488,-93.9488,116.488,-39.1385,-224.294,586.154,512.576,1374.89,406.631,2856.19,290.87,4488.96,232.756
497,-33.6616,-47.0974,25.2964,105.236,-95.9368,114.856,-37.0814,-224.643,585.411,513.425,1374.65,407.428,2856.13,291.454,4488.93,233.225
498,-30.2121,-49.38,22.3459,105.903,-97.8965,113.19,-35.0211,-224.974,584.667,514.272,1374.42,408.225,2856.07,292.039,4488.91,233.693
499,-26.6084,-51.4106,19.378,106.486,-99.8273,111.49,-32.958,-225.285,583.922,515.118,1374.18,409.022,2856.01,292.623,4488.88,234.162
500,-22.8689,-53.1787,16.3949,106.987,-101.729,109.757,-30.892,-225.577,583.175,515.964,1373.94,409.819,2855.95,293.207,4488.86,234.631
501,-19.0127,-54.6754,13.3989,107.404,-103.6,107.992,-28.8235,-225.851,582.427,516.808,1373.7,410.615,2855.89,293.792,4488.83,235.1
502,-15.0593,-55.8929,10.3926,107.737,-105.44,106.195,-26.7525,-226.105,581.678,517.651,1373.46,411.411,2855.83,294.376,4488.81,235.569
503,-11.0291,-56.825,7.37806,107.986,-107.25,104.366,-24.6793,-226.341,580.928,518.493,1373.22,412.208,2855.77,294.961,4488.78,236.038
504,-6.94259,-57.467,4.3578,108.15,-109.027,102.507,-22.604,-226.557,580.176,519.334,1372.98,413.004,2855.71,295.545,4488.76,236.506
505,-2.82061,-57.8156,1.33414,108.23,-110.773,100.617,-20.5268,-226.755,579.424,520.174,1372.74,413.8,2855.65,296.129,4488.73,236.975
506,1.31578,-57.869,-1.69056,108.226,-112.485,98.6978,-18.4479,-226.933,578.67,521.013,1372.5,414.596,2855.58,296.713,4488.71,237.444
507,5.44544,-57.6269,-4.71394,108.136,-114.165,96.7493,-16.3674,-227.093,577.915,521.851,1372.26,415.391,2855.52,297.298,4488.68,237.913
508,9.54731,-57.0905,-7.73364,107.963,-115.811,94.7721,-14.2856,-227.233,577.158,522.687,1372.02,416.187,2855.46,297.882,4488.66,238.382
509,13.6004,-56.2626,-10.7473,107.705,-117.422,92.7669,-12.2026,-227.354,576.401,523.523,1371.78,416.982,2855.4,298.466,4488.63,238.851
510,17.5841,-55.1474,-13.7525,107.363,-118.999,90.7343,-10.1185,-227.456,575.642,524.357,1371.53,417.778,2855.34,299.051,4488.61,239.319
511,21.478,-53.7506,-16.7471,106.937,-120.54,88.6748,-8.03359,-227.54,574.882,525.191,1371.29,418.573,2855.28,299.635,4488.58,239.788
512,25.2622,-52.0793,-19.7285,106.427,-122.046,86.5892,-5.94801,-227.604,574.121,526.023,1371.04,419.368,2855.22,300.219,4488.56,240.257
513,28.9174,-50.1421,-22.6945,105.835,-123.516,84.4779,-3.86192,-227.648,573.359,526.854,1370.8,420.163,2855.16,300.803,4488.53,240.726
514,32.4249,-47.9488,-25.6428,105.16,-124.949,82.3417,-1.77552,-227.674,572.595,527.684,1370.56,420.957,2855.09,301.387,4488.51,241.195
515,35.7669,-45.5107,-28.571,104.402,-126.346,80.1811,0.311042,-227.681,571.83,528.513,1370.31,421.752,2855.03,301.972,4488.48,241.663
516,38.9262,-42.8402,-31.477,103.563,-127.705,77.9968,2.39758,-227.668,571.064,529.341,1370.07,422.546,2854.97,302.556,4488.46,242.132
517,41.8868,-39.9509,-34.3583,102.643,-129.026,75.7895,4.48391,-227.637,570.297,530.167,1369.82,423.341,2854.91,303.14,4488.43,242.601
518,44.6335,-36.8577,-37.2128,101.643,-130.309,73.5597,6.56986,-227.586,569.529,530.993,1369.57,424.135,2854.85,303.724,4488.41,243.07
519,47.1523,-33.5762,-40.0382,100.564,-131.554,71.3082,8.65527,-227.516,568.759,531.817,1369.33,424.929,2854.78,304.308,4488.38,243.539
520,49.4303,-30.1234,-42.8324,99.4056,-132.759,69.0357,10.74,-227.428,567.988,532.641,1369.08,425.723,2854.72,304.892,4488.36,244.007
521,51.456,-26.5167,-45.5931,98.1699,-133.926,66.7427,12.8237,-227.32,567.216,533.463,1368.83,426.516,2854.66,305.477,4488.33,244.476
522,53.219,-22.7746,-48.3182,96.8575,-135.053,64.4299,14.9064,-227.193,566.443,534.284,1368.58,427.31,2854.6,306.061,4488.31,244.945
523,54.7102,-18.9163,-51.0055,95.4695,-136.139,62.0982,16.9879,-227.047,565.669,535.104,1368.33,428.103,2854.53,306.645,4488.28,245.414
524,55.9222,-14.9614,-53.653,94.0069,-137.186,59.748,19.0679,-226.881,564.893,535.923,1368.08,428.897,2854.47,307.229,4488.25,245.882
525,56.8487,-10.9301,-56.2585,92.4708,-138.192,57.3802,21.1463,-226.697,564.117,536.741,1367.83,429.69,2854.41,307.813,4488.23,246.351
526,57.485,-6.84303,-58.8201,90.8625,-139.157,54.9954,23.223,-226.494,563.339,537.557,1367.58,430.483,2854.34,308.397,4488.2,246.82
527,57.8279,-2.72103,-61.3358,89.1832,-140.081,52.5944,25.2977,-226.272,562.56,538.373,1367.33,431.276,2854.28,308.981,4488.18,247.289
528,57.8757,1.41486,-63.8036,87.4343,-140.964,50.1778,27.3703,-226.03,561.78,539.187,1367.08,432.068,2854.22,309.565,4488.15,247.758
529,57.6281,5.54354,-66.2215,85.617,-141.805,47.7464,29.4406,-225.77,560.998,540,1366.83,432.861,2854.15,310.149,4488.12,248.226
530,57.0863,9.64392,-68.5876,83.7329,-142.604,45.3008,31.5084,-225.491,560.216,540.812,1366.58,433.653,2854.09,310.733,4488.1,248.695
531,56.2533,13.6951,-70.9002,81.7834,-143.361,42.8419,33.5736,-225.193,559.432,541.623,1366.32,434.446,2854.03,311.317,4488.07,249.164
532,55.1332,17.6764,-73.1574,79.7699,-144.075,40.3703,35.6359,-224.876,558.647,542.433,1366.07,435.238,2853.96,311.901,4488.05,249.633
533,53.7317,21.5675,-75.3574,77.6941,-144.747,37.8867,37.6953,-224.54,557.861,543.242,1365.82,436.03,2853.9,312.485,4488.02,250.101
534,52.0562,25.3485,-77.4986,75.5577,-145.376,35.392,39.7515,-224.185,557.073,544.049,1365.56,436.822,2853.83,313.069,4487.99,250.57
535,50.115,29.0003,-79.5792,73.3622,-145.962,32.8867,41.8043,-223.812,556.285,544.856,1365.31,437.613,2853.77,313.653,4487.97,251.039
536,47.9182,32.504,-81.5976,71.1094,-146.505,30.3718,43.8537,-223.419,555.495,545.661,1365.05,438.405,2853.7,314.237,4487.94,251.508
537,45.4769,35.842,-83.5523,68.801,-147.004,27.8479,45.8994,-223.008,554.705,546.465,1364.8,439.196,2853.64,314.821,4487.92,251.976
538,42.8036,38.9972,-85.4417,66.4389,-147.46,25.3157,47.9412,-222.578,553.913,547.268,1364.54,439.988,2853.58,315.405,4487.89,252.445
539,39.9121,41.9534,-87.2643,64.0248,-147.872,22.776,49.979,-222.13,553.12,548.07,1364.29,440.779,2853.51,315.988,4487.86,252.914
540,36.8169,44.6956,-89.0188,61.5608,-148.241,20.2296,52.0126,-221.663,552.325,548.87,1364.03,441.57,2853.45,316.572,4487.84,253.382
541,33.534,47.2099,-90.7037,59.0486,-148.566,17.6773,54.0418,-221.177,551.53,549.67,1363.77,442.36,2853.38,317.156,4487.81,253.851
542,30.0801,49.4835,-92.3177,56.4903,-148.847,15.1197,56.0665,-220.673,550.733,550.468,1363.52,443.151,2853.32,317.74,4487.78,254.32
543,26.4727,51.5047,-93.8595,53.8879,-149.083,12.5576,58.0865,-220.15,549.935,551.266,1363.26,443.942,2853.25,318.324,4487.76,254.789
544,22.7304,53.2632,-95.3281,51.2433,-149.276,9.99179,60.1017,-219.609,549.137,552.062,1363,444.732,2853.19,318.908,4487.73,255.257
545,18.8722,54.7502,-96.7221,48.5587,-149.425,7.42304,62.1118,-219.049,548.337,552.856,1362.74,445.522,2853.12,319.491,4487.7,255.726
546,14.9177,55.958,-98.0405,45.8362,-149.529,4.8521,64.1166,-218.471,547.535,553.65,1362.48,446.312,2853.05,320.075,4487.68,256.195
547,10.8872,56.8805,-99.2824,43.0778,-149.589,2.27973,66.1161,-217.874,546.733,554.443,1362.22,447.102,2852.99,320.659,4487.65,256.664
548,6.8012,57.513,-100.447,40.2858,-149.605,-0.29332,68.11,-217.259,545.929,555.234,1361.96,447.892,2852.92,321.243,4487.62,257.132
549,2.68051,57.8522,-101.532,37.4623,-149.576,-2.86628,70.0983,-216.626,545.125,556.024,1361.7,448.681,2852.86,321.826,4487.6,257.601
550,-1.45385,57.8966,-102.539,34.6095,-149.503,-5.43839,72.0806,-215.975,544.319,556.813,1361.44,449.471,2852.79,322.41,4487.57,258.07
551,-5.58079,57.6457,-103.465,31.7296,-149.387,-8.00889,74.0569,-215.306,543.512,557.601,1361.18,450.26,2852.72,322.994,4487.54,258.538
552,-9.67929,57.1011,-104.31,28.825,-149.225,-10.577,76.027,-214.618,542.704,558.388,1360.91,451.049,2852.66,323.578,4487.51,259.007
553,-13.7284,56.2653,-105.074,25.8978,-149.02,-13.142,77.9907,-213.913,541.895,559.174,1360.65,451.838,2852.59,324.161,4487.49,259.476
554,-17.7076,55.1427,-105.756,22.9504,-148.771,-15.7031,79.9478,-213.19,541.084,559.958,1360.39,452.627,2852.52,324.745,4487.46,259.944
555,-21.5965,53.739,-106.355,19.985,-148.477,-18.2596,81.8983,-212.448,540.273,560.741,1360.12,453.416,2852.46,325.329,4487.43,260.413
556,-25.3753,52.0614,-106.871,17.004,-148.14,-20.8106,83.8418,-211.689,539.46,561.523,1359.86,454.205,2852.39,325.912,4487.41,260.882
557,-29.0247,50.1183,-107.303,14.0098,-147.759,-23.3555,85.7783,-210.912,538.647,562.304,1359.6,454.993,2852.32,326.496,4487.38,261.35
558,-32.5262,47.9198,-107.652,11.0045,-147.334,-25.8935,87.7077,-210.118,537.832,563.084,1359.33,455.781,2852.26,327.08,4487.35,261.819
559,-35.8619,45.477,-107.916,7.9907,-146.865,-28.4238,89.6297,-209.306,537.016,563.862,1359.06,456.569,2852.19,327.663,4487.32,262.288
560,-39.0148,42.8024,-108.096,4.97063,-146.353,-30.9457,91.5441,-208.476,536.199,564.64,1358.8,457.357,2852.12,328.247,4487.3,262.757
561,-41.9688,39.9096,-108.191,1.94667,-145.798,-33.4585,93.4509,-207.629,535.38,565.416,1358.53,458.145,2852.06,328.83,4487.27,263.225
562,-44.7088,36.8133,-108.202,-1.07882,-145.199,-35.9613,95.3498,-206.764,534.561,566.191,1358.27,458.933,2851.99,329.414,4487.24,263.694
563,-47.2209,33.5294,-108.128,-4.10345,-144.558,-38.4535,97.2407,-205.882,533.741,566.964,1358,459.72,2851.92,329.998,4487.21,264.163
564,-49.4922,30.0745,-107.97,-7.12489,-143.873,-40.9343,99.1235,-204.983,532.919,567.737,1357.73,460.507,2851.85,330.581,4487.19,264.631
565,-51.5112,26.4663,-107.727,-10.1407,-143.147,-43.403,100.998,-204.066,532.096,568.508,1357.46,461.295,2851.78,331.165,4487.16,265.1
566,-53.2676,22.7232,-107.4,-13.1487,-142.377,-45.8589,102.864,-203.132,531.272,569.278,1357.19,462.082,2851.72,331.748,4487.13,265.568
567,-54.7524,18.8641,-106.989,-16.1463,-141.566,-48.3011,104.721,-202.182,530.447,570.047,1356.92,462.868,2851.65,332.332,4487.1,266.037
568,-55.958,14.9089,-106.494,-19.1313,-140.713,-50.7291,106.57,-201.214,529.621,570.815,1356.66,463.655,2851.58,332.915,4487.07,266.506
569,-56.8783,10.8777,-105.916,-22.1014,-139.818,-53.142,108.409,-200.229,528.794,571.582,1356.39,464.442,2851.51,333.499,4487.05,266.974
570,-57.5085,6.79103,-105.256,-25.0542,-138.881,-55.5393,110.24,-199.228,527.966,572.347,1356.11,465.228,2851.44,334.082,4487.02,267.443
571,-57.8454,2.66971,-104.513,-27.9873,-137.904,-57.92,112.061,-198.21,527.136,573.111,1355.84,466.014,2851.37,334.665,4486.99,267.912
572,-57.8873,-1.46523,-103.688,-30.8986,-136.886,-60.2836,113.873,-197.175,526.306,573.874,1355.57,466.8,2851.31,335.249,4486.96,268.38
573,-57.634,-5.5927,-102.782,-33.7857,-135.827,-62.6294,115.675,-196.124,525.474,574.636,1355.3,467.586,2851.24,335.832,4486.93,268.849
574,-57.0867,-9.69164,-101.795,-36.6464,-134.728,-64.9566,117.468,-195.056,524.642,575.397,1355.03,468.372,2851.17,336.416,4486.91,269.318
575,-56.2482,-13.7411,-100.729,-39.4785,-133.589,-67.2646,119.251,-193.972,523.808,576.156,1354.76,469.158,2851.1,336.999,4486.88,269.786
576,-55.1228,-17.7205,-99.5846,-42.2796,-132.41,-69.5527,121.023,-192.872,522.973,576.914,1354.48,469.943,2851.03,337.583,4486.85,270.255
577,-53.7161,-21.6095,-98.3619,-45.0477,-131.193,-71.8202,122.786,-191.755,522.137,577.671,1354.21,470.728,2850.96,338.166,4486.82,270.724
578,-52.0354,-25.3883,-97.0622,-47.7805,-129.936,-74.0664,124.538,-190.622,521.3,578.427,1353.93,471.514,2850.89,338.749,4486.79,271.192
579,-50.0892,-29.0375,-95.6866,-50.4759,-128.641,-76.2907,126.28,-189.474,520.461,579.181,1353.66,472.299,2850.82,339.333,4486.76,271.661
580,-47.8874,-32.5385,-94.2362,-53.1318,-127.308,-78.4924,128.011,-188.309,519.622,579.935,1353.38,473.083,2850.75,339.916,4486.74,272.129
581,-45.4412,-35.8735,-92.712,-55.7462,-125.937,-80.6708,129.732,-187.129,518.782,580.687,1353.11,473.868,2850.68,340.499,4486.71,272.598
582,-42.7632,-39.0255,-91.1152,-58.317,-124.529,-82.8253,131.441,-185.933,517.94,581.438,1352.83,474.653,2850.61,341.082,4486.68,273.067
583,-39.8669,-41.9782,-89.4472,-60.8421,-123.084,-84.9553,133.14,-184.721,517.098,582.187,1352.56,475.437,2850.54,341.666,4486.65,273.535
584,-36.7671,-44.7167,-87.7091,-63.3196,-121.603,-87.0602,134.827,-183.494,516.254,582.936,1352.28,476.221,2850.47,342.249,4486.62,274.004
585,-33.4796,-47.227,-85.9025,-65.7475,-120.085,-89.1393,136.503,-182.251,515.409,583.683,1352,477.005,2850.4,342.832,4486.59,274.472
586,-30.0213,-49.4962,-84.0286,-68.124,-118.532,-91.1919,138.168,-180.993,514.564,584.429,1351.72,477.789,2850.33,343.416,4486.56,274.941
587,-26.4097,-51.5127,-82.0889,-70.4472,-116.944,-93.2176,139.821,-179.72,513.717,585.174,1351.45,478.573,2850.26,343.999,4486.54,275.41
588,-22.6633,-53.2663,-80.085,-72.7153,-115.321,-95.2156,141.462,-178.432,512.869,585.917,1351.17,479.356,2850.19,344.582,4486.51,275.878
589,-18.8012,-54.7479,-78.0184,-74.9264,-113.664,-97.1854,143.092,-177.129,512.02,586.659,1350.89,480.14,2850.12,345.165,4486.48,276.347
590,-14.8431,-55.9499,-75.8908,-77.0789,-111.974,-99.1265,144.709,-175.811,511.17,587.401,1350.61,480.923,2850.05,345.748,4486.45,276.815
591,-10.8092,-56.8664,-73.7037,-79.1711,-110.25,-101.038,146.314,-174.478,510.318,588.14,1350.33,481.706,2849.98,346.331,4486.42,277.284
592,-6.72009,-57.4924,-71.459,-81.2013,-108.493,-102.92,147.907,-173.131,509.466,588.879,1350.05,482.489,2849.91,346.915,4486.39,277.753
593,-2.5967,-57.8249,-69.1583,-83.1679,-106.705,-104.771,149.488,-171.769,508.613,589.616,1349.77,483.271,2849.84,347.498,4486.36,278.221
594,1.53996,-57.8621,-66.8035,-85.0694,-104.885,-106.591,151.056,-170.393,507.758,590.352,1349.49,484.054,2849.76,348.081,4486.33,278.69
595,5.66876,-57.6039,-64.3963,-86.9043,-103.033,-108.38,152.611,-169.002,506.903,591.087,1349.2,484.836,2849.69,348.664,4486.3,279.158
596,9.76861,-57.0515,-61.9388,-88.6712,-101.151,-110.137,154.154,-167.597,506.046,591.821,1348.92,485.619,2849.62,349.247,4486.27,279.627
597,13.8186,-56.2077,-59.4328,-90.3687,-99.2397,-111.86,155.683,-166.178,505.189,592.553,1348.64,486.401,2849.55,349.83,4486.24,280.095
598,17.798,-55.0769,-56.8802,-91.9954,-97.2985,-113.551,157.2,-164.746,504.33,593.284,1348.36,487.183,2849.48,350.413,4486.22,280.564
599,21.6865,-53.6648,-54.2832,-93.5501,-95.3285,-115.208,158.703,-163.299,503.471,594.014,1348.07,487.964,2849.41,350.996,4486.19,281.033
600,25.4642,-51.9787,-51.6436,-95.0315,-93.3303,-116.831,160.193,-161.839,502.61,594.743,1347.79,488.746,2849.33,351.579,4486.16,281.501
601,29.1119,-50.0271,-48.9636,-96.4386,-91.3043,-118.42,161.67,-160.365,501.748,595.47,1347.5,489.527,2849.26,352.162,4486.13,281.97
602,32.611,-47.82,-46.2452,-97.7701,-89.2514,-119.973,163.133,-158.877,500.885,596.197,1347.22,490.309,2849.19,352.745,4486.1,282.438
603,35.9435,-45.3687,-43.4906,-99.0251,-87.172,-121.491,164.582,-157.376,500.021,596.922,1346.93,491.09,2849.12,353.328,4486.07,282.907
604,39.0924,-42.6857,-40.702,-100.202,-85.0667,-122.972,166.018,-155.863,499.156,597.645,1346.65,491.871,2849.04,353.911,4486.04,283.375
605,42.0417,-39.7848,-37.8815,-101.301,-82.9363,-124.418,167.44,-154.336,498.29,598.368,1346.36,492.652,2848.97,354.494,4486.01,283.844
606,44.7763,-36.6806,-35.0313,-102.321,-80.7812,-125.826,168.847,-152.796,497.423,599.089,1346.07,493.432,2848.9,355.077,4485.98,284.312
607,47.2823,-33.3892,-32.1537,-103.261,-78.6022,-127.197,170.241,-151.243,496.555,599.809,1345.79,494.213,2848.83,355.66,4485.95,284.781
608,49.5468,-29.9272,-29.251,-104.119,-76.4,-128.531,171.62,-149.677,495.686,600.527,1345.5,494.993,2848.75,356.243,4485.92,285.249
609,51.5584,-26.3125,-26.3253,-104.896,-74.1751,-129.826,172.985,-148.099,494.816,601.245,1345.21,495.773,2848.68,356.826,4485.89,285.718
610,53.3066,-22.5634,-23.379,-105.591,-71.9282,-131.083,174.335,-146.509,493.944,601.961,1344.92,496.553,2848.61,357.409,4485.86,286.186
611,54.7827,-18.699,-20.4144,-106.203,-69.6599,-132.301,175.67,-144.906,493.072,602.676,1344.63,497.333,2848.53,357.992,4485.83,286.655
612,55.9791,-14.7392,-17.4338,-106.733,-67.3711,-133.479,176.991,-143.291,492.199,603.389,1344.34,498.112,2848.46,358.574,4485.8,287.124
613,56.8898,-10.7042,-14.4395,-107.178,-65.0622,-134.619,178.297,-141.664,491.325,604.102,1344.05,498.892,2848.39,359.157,4485.77,287.592
614,57.5099,-6.61452,-11.4339,-107.54,-62.7341,-135.718,179.588,-140.026,490.449,604.813,1343.76,499.671,2848.31,359.74,4485.74,288.061
615,57.8366,-2.49107,-8.41943,-107.817,-60.3874,-136.777,180.864,-138.375,489.573,605.522,1343.47,500.45,2848.24,360.323,4485.71,288.529
616,57.868,1.6451,-5.39831,-108.01,-58.0228,-137.796,182.125,-136.713,488.696,606.231,1343.18,501.229,2848.16,360.906,4485.68,288.998
617,57.604,5.77288,-2.37297,-108.118,-55.641,-138.773,183.371,-135.039,487.817,606.938,1342.89,502.008,2848.09,361.489,4485.65,289.466
618,57.046,9.87119,0.654231,-108.141,-53.2426,-139.71,184.601,-133.354,486.938,607.644,1342.59,502.786,2848.02,362.071,4485.62,289.935
619,56.1969,13.9191,3.68092,-108.08,-50.8285,-140.605,185.816,-131.658,486.057,608.349,1342.3,503.565,2847.94,362.654,4485.59,290.403
620,55.061,17.896,6.70473,-107.934,-48.3994,-141.458,187.015,-129.951,485.176,609.052,1342.01,504.343,2847.87,363.237,4485.56,290.872
621,53.6441,21.7816,9.72328,-107.704,-45.9559,-142.27,188.198,-128.233,484.293,609.754,1341.71,505.121,2847.79,363.819,4485.53,291.34
622,51.9535,25.5561,12.7342,-107.389,-43.4987,-143.039,189.366,-126.504,483.41,610.455,1341.42,505.899,2847.72,364.402,4485.5,291.809
623,49.9979,29.2001,15.7352,-106.991,-41.0287,-143.766,190.517,-124.764,482.525,611.155,1341.13,506.677,2847.64,364.985,4485.47,292.277
624,47.7871,32.6952,18.7238,-106.508,-38.5465,-144.451,191.653,-123.014,481.64,611.853,1340.83,507.454,2847.57,365.568,4485.44,292.746
625,45.3326,36.0235,21.6978,-105.942,-36.0529,-145.092,192.773,-121.254,480.753,612.55,1340.54,508.232,2847.49,366.15,4485.4,293.214
626,42.6468,39.168,24.6548,-105.293,-33.5485,-145.691,193.876,-119.484,479.865,613.246,1340.24,509.009,2847.42,366.733,4485.37,293.682
627,39.7435,42.1128,27.5924,-104.561,-31.0343,-146.246,194.964,-117.703,478.977,613.94,1339.94,509.786,2847.34,367.315,4485.34,294.151
628,36.6375,44.8427,30.5085,-103.748,-28.5108,-146.758,196.035,-115.913,478.087,614.633,1339.65,510.563,2847.27,367.898,4485.31,294.619
629,33.3446,47.344,33.4006,-102.853,-25.9789,-147.226,197.089,-114.113,477.197,615.325,1339.35,511.34,2847.19,368.481,4485.28,295.088
630,29.8817,49.6038,36.2666,-101.878,-23.4392,-147.651,198.127,-112.303,476.305,616.016,1339.05,512.116,2847.12,369.063,4485.25,295.556
631,26.2664,51.6106,39.1042,-100.822,-20.8927,-148.032,199.148,-110.484,475.412,616.705,1338.75,512.893,2847.04,369.646,4485.22,296.025
632,22.5171,53.3543,41.9111,-99.6883,-18.3399,-148.369,200.153,-108.656,474.519,617.393,1338.45,513.669,2846.96,370.228,4485.19,296.493
633,18.6531,54.8259,44.6852,-98.4761,-15.7817,-148.662,201.141,-106.819,473.624,618.08,1338.16,514.445,2846.89,370.811,4485.16,296.962
634,14.6939,56.018,47.4243,-97.1868,-13.2188,-148.911,202.112,-104.972,472.729,618.765,1337.86,515.221,2846.81,371.393,4485.13,297.43
635,10.6598,56.9245,50.1263,-95.8213,-10.652,-149.116,203.066,-103.117,471.832,619.449,1337.56,515.996,2846.74,371.976,4485.09,297.899
636,6.57142,57.5407,52.789,-94.3808,-8.082,-149.277,204.003,-101.253,470.935,620.132,1337.25,516.772,2846.66,372.558,4485.06,298.367
637,2.4495,57.8636,55.4103,-92.8663,-5.50963,-149.393,204.922,-99.3808,470.036,620.814,1336.95,517.547,2846.58,373.141,4485.03,298.835
638,-1.68491,57.8916,57.9883,-91.2791,-2.93563,-149.465,205.825,-97.5001,469.137,621.494,1336.65,518.322,2846.51,373.723,4485,299.304
639,-5.81073,57.6244,60.5208,-89.6203,-0.360753,-149.493,206.711,-95.6113,468.236,622.173,1336.35,519.097,2846.43,374.306,4484.97,299.772
640,-9.90692,57.0635,63.0059,-87.8914,2.21423,-149.476,207.579,-93.7144,467.334,622.85,1336.05,519.872,2846.35,374.888,4484.94,300.241
641,-13.9526,56.2118,65.4416,-86.0936,4.78856,-149.415,208.429,-91.8097,466.432,623.527,1335.75,520.647,2846.28,375.471,4484.91,300.709
642,-17.9272,55.0735,67.8261,-84.2284,7.36147,-149.31,209.263,-89.8972,465.529,624.202,1335.44,521.421,2846.2,376.053,4484.88,301.178
643,-21.8104,53.6544,70.1575,-82.2972,9.9322,-149.161,210.078,-87.9773,464.624,624.875,1335.14,522.196,2846.12,376.635,4484.84,301.646
644,-25.5824,51.9619,72.4339,-80.3016,12.5,-148.967,210.876,-86.0499,463.719,625.548,1334.83,522.97,2846.04,377.218,4484.81,302.114
645,-29.224,50.0046,74.6536,-78.243,15.0641,-148.729,211.657,-84.1154,462.812,626.219,1334.53,523.744,2845.97,377.8,4484.78,302.583
646,-32.7167,47.7924,76.8148,-76.1231,17.6237,-148.447,212.419,-82.1737,461.905,626.888,1334.23,524.517,2845.89,378.382,4484.75,303.051
647,-36.0426,45.3365,78.9158,-73.9437,20.1781,-148.121,213.164,-80.2252,460.997,627.557,1333.92,525.291,2845.81,378.965,4484.72,303.52
648,-39.1848,42.6496,80.955,-71.7063,22.7265,-147.751,213.891,-78.27,460.087,628.224,1333.61,526.064,2845.73,379.547,4484.69,303.988
649,-42.1272,39.7453,82.9308,-69.4127,25.2681,-147.337,214.6,-76.3082,459.177,628.89,1333.31,526.838,2845.66,380.129,4484.65,304.457
650,-44.8549,36.6383,84.8417,-67.0648,27.8023,-146.88,215.291,-74.34,458.266,629.554,1333,527.611,2845.58,380.712,4484.62,304.925
651,-47.354,33.3447,86.6861,-64.6643,30.3282,-146.379,215.964,-72.3655,457.354,630.217,1332.69,528.384,2845.5,381.294,4484.59,305.393
652,-49.6117,29.881,88.4626,-62.2132,32.8451,-145.834,216.619,-70.385,456.441,630.879,1332.39,529.156,2845.42,381.876,4484.56,305.862
653,-51.6164,26.265,90.1698,-59.7134,35.3523,-145.247,217.255,-68.3986,455.527,631.539,1332.08,529.929,2845.34,382.458,4484.53,306.33
654,-53.358,22.5151,91.8065,-57.1668,37.8491,-144.616,217.874,-66.4064,454.612,632.199,1331.77,530.701,2845.26,383.041,4484.49,306.798
655,-54.8276,18.6504,93.3712,-54.5755,40.3345,-143.942,218.474,-64.4087,453.696,632.856,1331.46,531.473,2845.19,383.623,4484.46,307.267
656,-56.0176,14.6907,94.8628,-51.9414,42.8081,-143.226,219.056,-62.4056,452.779,633.513,1331.15,532.245,2845.11,384.205,4484.43,307.735
657,-56.922,10.656,96.2801,-49.2666,45.2689,-142.467,219.619,-60.3972,451.861,634.168,1330.84,533.017,2845.03,384.787,4484.4,308.204
658,-57.5362,6.56701,97.622,-46.5532,47.7163,-141.666,220.164,-58.3838,450.942,634.822,1330.53,533.789,2844.95,385.369,4484.36,308.672
659,-57.8569,2.44453,98.8875,-43.8034,50.1495,-140.823,220.691,-56.3655,450.022,635.474,1330.22,534.56,2844.87,385.951,4484.33,309.14
660,-57.8826,-1.69042,100.076,-41.0193,52.5679,-139.938,221.199,-54.3424,449.101,636.126,1329.91,535.332,2844.79,386.533,4484.3,309.609
661,-57.6131,-5.81675,101.185,-38.2031,54.9707,-139.011,221.689,-52.3148,448.18,636.775,1329.6,536.103,2844.71,387.115,4484.27,310.077
662,-57.0498,-9.91341,102.216,-35.3569,57.3572,-138.044,222.16,-50.2828,447.257,637.424,1329.28,536.874,2844.63,387.698,4484.24,310.545
663,-56.1955,-13.9595,103.166,-32.4831,59.7267,-137.035,222.612,-48.2466,446.333,638.071,1328.97,537.644,2844.55,388.28,4484.2,311.014
664,-55.0545,-17.9344,104.036,-29.5838,62.0784,-135.986,223.046,-46.2064,445.409,638.717,1328.66,538.415,2844.47,388.862,4484.17,311.482
665,-53.6327,-21.8178,104.824,-26.6614,64.4118,-134.897,223.461,-44.1623,444.484,639.361,1328.35,539.185,2844.39,389.444,4484.14,311.95
666,-51.9372,-25.5899,105.53,-23.7181,66.726,-133.767,223.857,-42.1144,443.557,640.005,1328.03,539.955,2844.31,390.026,4484.1,312.419
667,-49.9768,-29.2314,106.154,-20.7562,69.0205,-132.598,224.235,-40.0631,442.63,640.646,1327.72,540.725,2844.23,390.608,4484.07,312.887
668,-47.7613,-32.7238,106.694,-17.7781,71.2945,-131.389,224.594,-38.0083,441.702,641.287,1327.4,541.495,2844.15,391.19,4484.04,313.355
669,-45.3021,-36.0491,107.151,-14.786,73.5473,-130.142,224.933,-35.9504,440.772,641.926,1327.09,542.265,2844.07,391.772,4484.01,313.824
670,-42.6118,-39.1905,107.524,-11.7824,75.7784,-128.856,225.255,-33.8895,439.842,642.564,1326.77,543.034,2843.99,392.354,4483.97,314.292
671,-39.7039,-42.1319,107.813,-8.76957,77.987,-127.531,225.557,-31.8257,438.911,643.2,1326.46,543.804,2843.91,392.935,4483.94,314.76
672,-36.5934,-44.8583,108.017,-5.74986,80.1724,-126.169,225.84,-29.7593,437.98,643.835,1326.14,544.573,2843.83,393.517,4483.91,315.229
673,-33.2961,-47.3557,108.137,-2.72564,82.334,-124.77,226.104,-27.6903,437.047,644.469,1325.82,545.342,2843.75,394.099,4483.87,315.697
674,-29.8289,-49.6113,108.173,0.300705,84.4713,-123.333,226.35,-25.6191,436.113,645.101,1325.5,546.11,2843.67,394.681,4483.84,316.165
675,-26.2094,-51.6137,108.123,3.32682,86.5835,-121.86,226.576,-23.5457,435.178,645.732,1325.19,546.879,2843.59,395.263,4483.81,316.634
676,-22.4561,-53.3526,107.989,6.35033,88.67,-120.351,226.784,-21.4703,434.243,646.362,1324.87,547.647,2843.51,395.845,4483.78,317.102
677,-18.5881,-54.819,107.771,9.36887,90.7302,-118.806,226.972,-19.3931,433.306,646.99,1324.55,548.416,2843.43,396.427,4483.74,317.57
678,-14.6252,-56.0056,107.468,12.3801,92.7635,-117.225,227.141,-17.3143,432.369,647.617,1324.23,549.184,2843.34,397.009,4483.71,318.039
679,-10.5876,-56.9062,107.081,15.3816,94.7693,-115.61,227.292,-15.234,431.431,648.243,1323.91,549.951,2843.26,397.59,4483.68,318.507
680,-6.49598,-57.5162,106.61,18.3711,96.747,-113.961,227.423,-13.1525,430.491,648.867,1323.59,550.719,2843.18,398.172,4483.64,318.975
681,-2.37117,-57.8325,106.056,21.3462,98.696,-112.278,227.535,-11.0698,429.551,649.49,1323.27,551.486,2843.1,398.754,4483.61,319.444
682,1.76576,-57.8534,105.419,24.3046,100.616,-110.562,227.629,-8.98624,428.61,650.111,1322.95,552.254,2843.02,399.336,4483.58,319.912
683,5.89366,-57.5789,104.699,27.2441,102.506,-108.812,227.703,-6.90191,427.668,650.731,1322.63,553.021,2842.94,399.917,4483.54,320.38
684,9.99147,-57.0103,103.898,30.1621,104.365,-107.031,227.758,-4.817,426.725,651.35,1322.3,553.788,2842.85,400.499,4483.51,320.848
685,14.0382,-56.1505,103.015,33.0566,106.194,-105.218,227.794,-2.73168,425.782,651.968,1321.98,554.554,2842.77,401.081,4483.47,321.317
686,18.0133,-55.004,102.052,35.9253,107.991,-103.373,227.811,-0.646127,424.837,652.584,1321.66,555.321,2842.69,401.662,4483.44,321.785
687,21.8964,-53.5765,101.008,38.7658,109.756,-101.498,227.808,1.43948,423.892,653.198,1321.34,556.087,2842.61,402.244,4483.41,322.253
688,25.6676,-51.8753,99.8862,41.576,111.488,-99.5933,227.787,3.52497,422.945,653.812,1321.01,556.853,2842.52,402.826,4483.37,322.721
689,29.3078,-49.9092,98.6859,44.3537,113.188,-97.6587,227.747,5.61016,421.998,654.423,1320.69,557.619,2842.44,403.407,4483.34,323.19
690,32.7982,-47.6881,97.4083,47.0967,114.854,-95.695,227.687,7.69489,421.05,655.034,1320.36,558.385,2842.36,403.989,4483.31,323.658
691,36.1211,-45.2235,96.0546,49.8029,116.485,-93.703,227.609,9.77897,420.101,655.643,1320.04,559.151,2842.28,404.571,4483.27,324.126
692,39.2596,-42.5279,94.6257,52.4701,118.083,-91.6832,227.511,11.8622,419.151,656.251,1319.71,559.916,2842.19,405.152,4483.24,324.595
693,42.1975,-39.6151,93.1229,55.0963,119.645,-89.6363,227.394,13.9445,418.2,656.857,1319.39,560.681,2842.11,405.734,4483.2,325.063
694,44.9199,-36.4999,91.5472,57.6794,121.172,-87.5627,227.258,16.0256,417.248,657.462,1319.06,561.446,2842.03,406.315,4483.17,325.531
695,47.4128,-33.1984,89.8999,60.2174,122.663,-85.4632,227.104,18.1054,416.296,658.066,1318.73,562.211,2841.94,406.897,4483.14,325.999
696,49.6637,-29.7273,88.1824,62.7083,124.117,-83.3383,226.93,20.1836,415.343,658.668,1318.41,562.976,2841.86,407.478,4483.1,326.467
697,51.6609,-26.1043,86.3958,65.1502,125.535,-81.1888,226.737,22.2602,414.388,659.269,1318.08,563.74,2841.78,408.06,4483.07,326.936
698,53.3942,-22.3481,84.5418,67.5411,126.915,-79.0151,226.525,24.3349,413.433,659.869,1317.75,564.504,2841.69,408.641,4483.03,327.404
699,54.855,-18.4777,82.6216,69.8792,128.258,-76.8181,226.294,26.4076,412.477,660.467,1317.42,565.268,2841.61,409.223,4483,327.872
700,56.0356,-14.513,80.6368,72.1627,129.563,-74.5982,226.045,28.478,411.52,661.064,1317.09,566.032,2841.52,409.804,4482.96,328.34
701,56.9301,-10.4741,78.589,74.3898,130.829,-72.3562,225.776,30.5461,410.562,661.659,1316.76,566.796,2841.44,410.386,4482.93,328.809
702,57.5339,-6.38182,76.4798,76.5587,132.057,-70.0928,225.488,32.6116,409.604,662.253,1316.43,567.56,2841.36,410.967,4482.9,329.277
703,57.844,-2.25693,74.3107,78.6678,133.246,-67.8086,225.182,34.6744,408.644,662.846,1316.1,568.323,2841.27,411.548,4482.86,329.745
704,57.8588,1.87949,72.0836,80.7154,134.395,-65.5043,224.857,36.7343,407.684,663.437,1315.77,569.086,2841.19,412.13,4482.83,330.213
705,57.5783,6.00631,69.8001,82.6999,135.504,-63.1806,224.512,38.7911,406.723,664.027,1315.44,569.849,2841.1,412.711,4482.79,330.681
706,57.0038,10.1025,67.4621,84.6198,136.573,-60.8381,224.149,40.8446,405.761,664.615,1315.11,570.612,2841.02,413.292,4482.76,331.15
707,56.1384,14.1471,65.0713,86.4735,137.601,-58.4776,223.768,42.8948,404.798,665.202,1314.78,571.374,2840.93,413.874,4482.72,331.618
708,54.9865,18.1195,62.6297,88.2596,138.589,-56.0998,223.367,44.9413,403.834,665.788,1314.44,572.137,2840.85,414.455,4482.69,332.086
709,53.554,21.9994,60.1392,89.9767,139.535,-53.7054,222.948,46.9841,402.87,666.372,1314.11,572.899,2840.76,415.036,4482.65,332.554
710,51.8483,25.7671,57.6016,91.6236,140.441,-51.295,222.51,49.023,401.904,666.955,1313.78,573.661,2840.68,415.618,4482.62,333.022
711,49.8779,29.4033,55.019,93.1988,141.304,-48.8694,222.053,51.0577,400.938,667.536,1313.44,574.422,2840.59,416.199,4482.58,333.491
712,47.6531,32.8895,52.3935,94.7012,142.126,-46.4293,221.578,53.0882,399.971,668.116,1313.11,575.184,2840.51,416.78,4482.55,333.959
713,45.1852,36.208,49.7269,96.1296,142.906,-43.9755,221.085,55.1142,399.003,668.695,1312.77,575.945,2840.42,417.361,4482.51,334.427
714,42.4868,39.3417,47.0216,97.4829,143.643,-41.5086,220.572,57.1356,398.034,669.272,1312.44,576.707,2840.34,417.943,4482.48,334.895
715,39.5717,42.2747,44.2795,98.76,144.338,-39.0294,220.042,59.1523,397.064,669.848,1312.1,577.468,2840.25,418.524,4482.44,335.363
716,36.4547,44.9921,41.5028,99.9599,144.99,-36.5387,219.493,61.164,396.094,670.422,1311.77,578.228,2840.16,419.105,4482.41,335.832
717,33.1519,47.4801,38.6936,101.082,145.599,-34.0371,218.925,63.1705,395.123,670.995,1311.43,578.989,2840.08,419.686,4482.37,336.3
718,29.6799,49.726,35.8543,102.125,146.164,-31.5255,218.339,65.1718,394.15,671.567,1311.09,579.749,2839.99,420.267,4482.34,336.768
719,26.0567,51.7182,32.9869,103.088,146.687,-29.0045,217.735,67.1676,393.178,672.137,1310.75,580.51,2839.91,420.848,4482.3,337.236
720,22.3005,53.4468,30.0937,103.97,147.166,-26.4749,217.113,69.1578,392.204,672.706,1310.42,581.27,2839.82,421.429,4482.27,337.704
721,18.4307,54.9029,27.1771,104.772,147.601,-23.9374,216.472,71.1422,391.229,673.273,1310.08,582.029,2839.73,422.01,4482.23,338.172
722,14.4669,56.0791,24.2392,105.491,147.993,-21.3929,215.814,73.1207,390.254,673.839,1309.74,582.789,2839.65,422.591,4482.2,338.64
723,10.4293,56.9693,21.2824,106.128,148.341,-18.842,215.137,75.093,389.278,674.403,1309.4,583.549,2839.56,423.173,4482.16,339.109
724,6.33863,57.5692,18.3089,106.682,148.645,-16.2855,214.442,77.0591,388.301,674.967,1309.06,584.308,2839.47,423.754,4482.13,339.577
725,2.2156,57.8756,15.3212,107.153,148.905,-13.7242,213.73,79.0187,387.323,675.528,1308.72,585.067,2839.39,424.335,4482.09,340.045
726,-1.91871,57.8871,12.3215,107.54,149.12,-11.1589,212.999,80.9716,386.344,676.089,1308.38,585.826,2839.3,424.916,4482.05,340.513
727,-6.04324,57.6035,9.31214,107.843,149.292,-8.59019,212.251,82.9178,385.364,676.647,1308.04,586.584,2839.21,425.497,4482.02,340.981
728,-10.137,57.0263,6.29554,108.062,149.419,-6.01897,211.485,84.8571,384.384,677.205,1307.7,587.343,2839.12,426.077,4481.98,341.449
729,-14.179,56.1584,3.27402,108.197,149.502,-3.44596,210.701,86.7893,383.403,677.761,1307.35,588.101,2839.04,426.658,4481.95,341.917
730,-18.1488,55.0044,0.249937,108.247,149.541,-0.871938,209.899,88.7142,382.421,678.316,1307.01,588.859,2838.95,427.239,4481.91,342.385
731,-22.0261,53.57,-2.77434,108.212,149.535,1.70235,209.08,90.6316,381.438,678.869,1306.67,589.617,2838.86,427.82,4481.88,342.854
732,-25.7912,51.8627,-5.79644,108.093,149.486,4.27613,208.243,92.5415,380.455,679.42,1306.33,590.375,2838.77,428.401,4481.84,343.322
733,-29.4248,49.891,-8.81402,107.89,149.391,6.84865,207.389,94.4437,379.471,679.971,1305.98,591.132,2838.68,428.982,4481.8,343.79
734,-32.9085,47.6651,-11.8247,107.602,149.253,9.41915,206.518,96.3379,378.486,680.52,1305.64,591.889,2838.6,429.563,4481.77,344.258
735,-36.2244,45.1963,-14.8262,107.23,149.071,11.9869,205.629,98.2241,377.5,681.067,1305.29,592.646,2838.51,430.144,4481.73,344.726
736,-39.3558,42.4972,-17.816,106.774,148.844,14.551,204.723,100.102,376.513,681.613,1304.95,593.403,2838.42,430.724,4481.7,345.194
737,-42.2866,39.5814,-20.792,106.235,148.573,17.1109,203.8,101.972,375.526,682.158,1304.6,594.16,2838.33,431.305,4481.66,345.662
738,-45.0018,36.464,-23.7517,105.614,148.258,19.6656,202.86,103.833,374.537,682.701,1304.26,594.916,2838.24,431.886,4481.62,346.13
739,-47.4878,33.1607,-26.6929,104.909,147.899,22.2146,201.903,105.685,373.548,683.243,1303.91,595.673,2838.15,432.467,4481.59,346.598
740,-49.7316,29.6885,-29.6132,104.123,147.497,24.757,200.929,107.529,372.558,683.783,1303.56,596.429,2838.07,433.048,4481.55,347.066
741,-51.7221,26.0649,-32.5104,103.255,147.051,27.292,199.938,109.363,371.568,684.322,1303.22,597.185,2837.98,433.628,4481.51,347.534
742,-53.4489,22.3084,-35.3822,102.307,146.561,29.819,198.931,111.188,370.576,684.859,1302.87,597.94,2837.89,434.209,4481.48,348.003
743,-54.9032,18.4383,-38.2264,101.279,146.028,32.3372,197.907,113.004,369.584,685.395,1302.52,598.696,2837.8,434.79,4481.44,348.471
744,-56.0777,14.4741,-41.0407,100.172,145.451,34.8457,196.866,114.811,368.591,685.93,1302.17,599.451,2837.71,435.37,4481.4,348.939
745,-56.9663,10.4362,-43.823,98.9863,144.832,37.344,195.809,116.608,367.598,686.463,1301.82,600.206,2837.62,435.951,4481.37,349.407
746,-57.5644,6.34509,-46.571,97.7236,144.17,39.8312,194.735,118.395,366.603,686.995,1301.47,600.961,2837.53,436.532,4481.33,349.875
747,-57.8691,2.22161,-49.2827,96.3845,143.465,42.3066,193.645,120.173,365.608,687.525,1301.12,601.716,2837.44,437.112,4481.29,350.343
748,-57.8787,-1.91319,-51.9559,94.9702,142.717,44.7695,192.539,121.94,364.612,688.054,1300.77,602.47,2837.35,437.693,4481.26,350.811
749,-57.5932,-6.03824,-54.5885,93.4817,141.927,47.2191,191.417,123.697,363.615,688.581,1300.42,603.224,2837.26,438.273,4481.22,351.279
750,-57.014,-10.1325,-57.1785,91.9203,141.096,49.6548,190.279,125.444,362.617,689.107,1300.07,603.978,2837.17,438.854,4481.18,351.747
751,-56.144,-14.1751,-59.7238,90.287,140.222,52.0758,189.124,127.18,361.619,689.632,1299.72,604.732,2837.08,439.434,4481.15,352.215
752,-54.9877,-18.1453,-62.2225,88.5832,139.307,54.4813,187.954,128.905,360.62,690.155,1299.37,605.486,2836.99,440.015,4481.11,352.683
753,-53.5509,-22.0231,-64.6726,86.8103,138.351,56.8707,186.769,130.62,359.62,690.676,1299.02,606.239,2836.9,440.595,4481.07,353.151
754,-51.8409,-25.7884,-67.0722,84.9696,137.354,59.2433,185.567,132.324,358.62,691.196,1298.66,606.993,2836.81,441.176,4481.04,353.619
755,-49.8664,-29.4222,-69.4194,83.0625,136.316,61.5984,184.351,134.017,357.618,691.715,1298.31,607.746,2836.72,441.756,4481,354.087
756,-47.6375,-32.9059,-71.7124,81.0905,135.238,63.9352,183.118,135.698,356.616,692.232,1297.96,608.498,2836.63,442.337,4480.96,354.555
757,-45.1656,-36.2217,-73.9494,79.0552,134.119,66.2531,181.871,137.369,355.613,692.748,1297.6,609.251,2836.54,442.917,4480.93,355.023
758,-42.4631,-39.3526,-76.1287,76.9582,132.961,68.5514,180.608,139.027,354.61,693.262,1297.25,610.004,2836.45,443.498,4480.89,355.491
759,-39.544,-42.2828,-78.2485,74.8011,131.764,70.8294,179.33,140.675,353.606,693.775,1296.89,610.756,2836.36,444.078,4480.85,355.959
760,-36.423,-44.9971,-80.3071,72.5856,130.528,73.0865,178.037,142.31,352.6,694.287,1296.54,611.508,2836.27,444.658,4480.81,356.427
761,-33.1161,-47.4817,-82.3031,70.3133,129.253,75.3219,176.729,143.933,351.595,694.796,1296.18,612.26,2836.17,445.239,4480.78,356.895
762,-29.6402,-49.7239,-84.2348,67.9862,127.94,77.5351,175.406,145.545,350.588,695.305,1295.82,613.011,2836.08,445.819,4480.74,357.363
763,-26.0129,-51.7123,-86.1007,65.606,126.589,79.7253,174.069,147.144,349.581,695.812,1295.47,613.763,2835.99,446.399,4480.7,357.831
764,-22.2528,-53.4367,-87.8993,63.1745,125.2,81.8919,172.717,148.731,348.573,696.318,1295.11,614.514,2835.9,446.98,4480.66,358.299
765,-18.3792,-54.8882,-89.6293,60.6937,123.775,84.0343,171.351,150.305,347.564,696.822,1294.75,615.265,2835.81,447.56,4480.63,358.767
766,-14.4116,-56.0595,-91.2892,58.1655,122.313,86.1518,169.97,151.867,346.555,697.324,1294.39,616.015,2835.72,448.14,4480.59,359.235
767,-10.3705,-56.9445,-92.8779,55.5918,120.814,88.2439,168.575,153.416,345.544,697.826,1294.03,616.766,2835.62,448.72,4480.55,359.703
768,-6.2764,-57.5387,-94.394,52.9747,119.28,90.3098,167.166,154.953,344.534,698.325,1293.68,617.516,2835.53,449.301,4480.51,360.171
769,-2.15026,-57.839,-95.8364,50.3163,117.711,92.3491,165.743,156.476,343.522,698.824,1293.32,618.267,2835.44,449.881,4480.48,360.639
770,1.98687,-57.8439,-97.2039,47.6185,116.107,94.361,164.306,157.986,342.51,699.32,1292.96,619.017,2835.35,450.461,4480.44,361.107
771,6.11385,-57.5533,-98.4955,44.8836,114.468,96.345,162.856,159.484,341.496,699.816,1292.6,619.766,2835.26,451.041,4480.4,361.575
772,10.2096,-56.9688,-99.7101,42.1136,112.796,98.3005,161.392,160.967,340.483,700.309,1292.24,620.516,2835.16,451.621,4480.36,362.043
773,14.2532,-56.0933,-100.847,39.3107,111.09,100.227,159.914,162.438,339.468,700.802,1291.87,621.265,2835.07,452.202,4480.32,362.511
774,18.224,-54.9312,-101.905,36.477,109.352,102.124,158.423,163.894,338.453,701.293,1291.51,622.014,2834.98,452.782,4480.29,362.979
775,22.1017,-53.4885,-102.883,33.6149,107.581,103.99,156.918,165.337,337.437,701.782,1291.15,622.763,2834.88,453.362,4480.25,363.447
776,25.8665,-51.7726,-103.781,30.7265,105.778,105.826,155.401,166.766,336.42,702.27,1290.79,623.512,2834.79,453.942,4480.21,363.915
777,29.4991,-49.7921,-104.598,27.8141,103.944,107.631,153.871,168.182,335.403,702.757,1290.42,624.26,2834.7,454.522,4480.17,364.383
778,32.9811,-47.5573,-105.333,24.88,102.079,109.403,152.327,169.583,334.385,703.242,1290.06,625.009,2834.6,455.102,4480.13,364.851
779,36.2945,-45.0796,-105.986,21.9265,100.184,111.144,150.771,170.97,333.366,703.725,1289.7,625.757,2834.51,455.682,4480.1,365.318
780,39.4226,-42.3715,-106.556,18.9558,98.2598,112.851,149.202,172.343,332.347,704.207,1289.33,626.504,2834.42,456.262,4480.06,365.786
781,42.3492,-39.447,-107.043,15.9703,96.3062,114.525,147.621,173.701,331.327,704.688,1288.97,627.252,2834.32,456.842,4480.02,366.254
782,45.0595,-36.321,-107.446,12.9723,94.3241,116.166,146.028,175.045,330.306,705.167,1288.6,628,2834.23,457.422,4479.98,366.722
783,47.5397,-33.0094,-107.765,9.96418,92.3141,117.772,144.422,176.374,329.284,705.645,1288.24,628.747,2834.14,458.002,4479.94,367.19
784,49.777,-29.5292,-108,6.94827,90.2769,119.343,142.804,177.688,328.262,706.121,1287.87,629.494,2834.04,458.582,4479.9,367.658
785,51.76,-25.8982,-108.15,3.92694,88.2129,120.878,141.175,178.988,327.239,706.596,1287.51,630.241,2833.95,459.162,4479.87,368.126
786,53.4786,-22.1349,-108.216,0.902539,86.1228,122.379,139.533,180.272,326.215,707.069,1287.14,630.987,2833.85,459.741,4479.83,368.594
787,54.9241,-18.2585,-108.198,-2.12257,84.0073,123.842,137.88,181.542,325.191,707.54,1286.77,631.734,2833.76,460.321,4479.79,369.062
788,56.0891,-14.2889,-108.094,-5.14601,81.867,125.27,136.215,182.796,324.166,708.011,1286.4,632.48,2833.66,460.901,4479.75,369.53
789,56.9677,-10.2463,-107.907,-8.16543,79.7025,126.66,134.539,184.035,323.141,708.479,1286.04,633.226,2833.57,461.481,4479.71,369.997
790,57.5553,-6.15136,-107.635,-11.1785,77.5144,128.013,132.852,185.258,322.114,708.947,1285.67,633.971,2833.48,462.061,4479.67,370.465
791,57.849,-2.02502,-107.278,-14.1828,75.3034,129.328,131.153,186.467,321.087,709.412,1285.3,634.717,2833.38,462.641,4479.63,370.933
792,57.8474,2.11166,-106.838,-17.176,73.0701,130.605,129.444,187.659,320.06,709.877,1284.93,635.462,2833.29,463.22,4479.6,371.401
793,57.5504,6.23757,-106.315,-20.1557,70.8152,131.843,127.723,188.836,319.031,710.339,1284.56,636.207,2833.19,463.8,4479.56,371.869
794,56.9596,10.3316,-105.708,-23.1198,68.5394,133.042,125.992,189.997,318.002,710.801,1284.19,636.952,2833.1,464.38,4479.52,372.337
795,56.078,14.373,-105.019,-26.0657,66.2434,134.202,124.251,191.142,316.973,711.261,1283.82,637.697,2833,464.96,4479.48,372.805
796,54.9102,18.3409,-104.247,-28.9913,63.9278,135.322,122.499,192.271,315.942,711.719,1283.45,638.441,2832.9,465.539,4479.44,373.273
797,53.4621,22.2153,-103.394,-31.8941,61.5933,136.402,120.737,193.385,314.911,712.176,1283.07,639.186,2832.81,466.119,4479.4,373.74
798,51.7412,25.9762,-102.46,-34.7721,59.2406,137.442,118.965,194.482,313.88,712.631,1282.7,639.93,2832.71,466.699,4479.36,374.208
799,49.7562,29.6047,-101.446,-37.6228,56.8703,138.442,117.183,195.562,312.847,713.085,1282.33,640.673,2832.62,467.278,4479.32,374.676
800,47.5174,33.082,-100.353,-40.4441,54.4833,139.4,115.391,196.627,311.814,713.537,1281.96,641.417,2832.52,467.858,4479.28,375.144
801,45.0361,36.3906,-99.1811,-43.2338,52.0802,140.317,113.589,197.674,310.781,713.988,1281.58,642.16,2832.43,468.437,4479.24,375.612
802,42.3251,39.5135,-97.9316,-45.9897,49.6617,141.193,111.778,198.706,309.746,714.437,1281.21,642.903,2832.33,469.017,4479.2,376.08
803,39.3982,42.4349,-96.6056,-48.7096,47.2285,142.027,109.958,199.721,308.711,714.885,1280.84,643.646,2832.23,469.596,4479.16,376.547
804,36.2703,45.1398,-95.204,-51.3913,44.7814,142.819,108.128,200.719,307.676,715.331,1280.46,644.389,2832.14,470.176,4479.13,377.015
805,32.9574,47.6145,-93.7279,-54.0329,42.321,143.569,106.289,201.7,306.64,715.776,1280.09,645.132,2832.04,470.755,4479.09,377.483
806,29.4764,49.8464,-92.1785,-56.6322,39.8481,144.276,104.442,202.665,305.603,716.22,1279.71,645.874,2831.94,471.335,4479.05,377.951
807,25.8452,51.8241,-90.557,-59.1872,37.3635,144.941,102.585,203.612,304.565,716.661,1279.33,646.616,2831.85,471.914,4479.01,378.419
808,22.0821,53.5376,-88.8646,-61.6959,34.8678,145.563,100.721,204.543,303.527,717.102,1278.96,647.358,2831.75,472.494,4478.97,378.887
809,18.2065,54.9781,-87.1027,-64.1563,32.3618,146.142,98.8473,205.456,302.488,717.541,1278.58,648.1,2831.65,473.073,4478.93,379.354
810,14.238,56.1383,-85.2726,-66.5665,29.8463,146.678,96.9658,206.352,301.449,717.978,1278.2,648.841,2831.56,473.653,4478.89,379.822
811,10.197,57.0123,-83.3758,-68.9246,27.3219,147.171,95.0761,207.231,300.409,718.414,1277.83,649.582,2831.46,474.232,4478.85,380.29
812,6.104,57.5957,-81.4137,-71.2288,24.7895,147.62,93.1786,208.093,299.368,718.848,1277.45,650.323,2831.36,474.812,4478.81,380.758
813,1.97988,57.8856,-79.3879,-73.4773,22.2498,148.025,91.2732,208.937,298.327,719.281,1277.07,651.064,2831.26,475.391,4478.77,381.226
814,-2.15433,57.8804,-77.3,-75.6682,19.7035,148.387,89.3602,209.764,297.285,719.712,1276.69,651.804,2831.17,475.97,4478.73,381.693
815,-6.27756,57.5802,-75.1516,-77.7999,17.1513,148.705,87.4397,210.573,296.242,720.142,1276.31,652.545,2831.07,476.55,4478.69,382.161
816,-10.3688,56.9866,-72.9444,-79.8707,14.5941,148.979,85.5119,211.365,295.199,720.57,1275.93,653.285,2830.97,477.129,4478.65,382.629
817,-14.4072,56.1026,-70.6801,-81.8789,12.0326,149.209,83.577,212.139,294.155,720.997,1275.55,654.025,2830.87,477.708,4478.61,383.097
818,-18.3722,54.9327,-68.3604,-83.8231,9.46757,149.395,81.6351,212.895,293.111,721.422,1275.17,654.764,2830.78,478.287,4478.57,383.564
819,-22.2435,53.4829,-65.9872,-85.7017,6.89971,149.537,79.6864,213.634,292.066,721.846,1274.79,655.504,2830.68,478.867,4478.53,384.032
820,-26.0016,51.7606,-63.5624,-87.5131,4.32982,149.634,77.731,214.354,291.02,722.268,1274.41,656.243,2830.58,479.446,4478.49,384.5
821,-29.6271,49.7745,-61.0878,-89.2561,1.75866,149.688,75.7691,215.057,289.974,722.689,1274.03,656.982,2830.48,480.025,4478.45,384.968
822,-33.1017,47.5348,-58.5654,-90.9291,-0.813029,149.697,73.8009,215.742,288.927,723.108,1273.64,657.721,2830.38,480.604,4478.41,385.435
823,-36.4076,45.0529,-55.9971,-92.531,-3.38447,149.662,71.8265,216.409,287.88,723.526,1273.26,658.46,2830.28,481.183,4478.37,385.903
824,-39.5279,42.3414,-53.3849,-94.0604,-5.95492,149.583,69.8462,217.057,286.832,723.942,1272.88,659.198,2830.18,481.762,4478.33,386.371
825,-42.4469,39.4142,-50.731,-95.5162,-8.5236,149.459,67.8599,217.688,285.783,724.356,1272.49,659.936,2830.09,482.342,4478.29,386.839
826,-45.1496,36.2862,-48.0373,-96.8971,-11.0898,149.292,65.8681,218.3,284.734,724.769,1272.11,660.674,2829.99,482.921,4478.24,387.306
827,-47.6222,32.9732,-45.306,-98.2022,-13.6527,149.08,63.8707,218.894,283.684,725.181,1271.72,661.412,2829.89,483.5,4478.2,387.774
828,-49.8522,29.4923,-42.5393,-99.4303,-16.2115,148.825,61.8679,219.47,282.633,725.591,1271.34,662.149,2829.79,484.079,4478.16,388.242
829,-51.8281,25.861,-39.7392,-100.581,-18.7656,148.525,59.86,220.027,281.582,726,1270.95,662.886,2829.69,484.658,4478.12,388.71
830,-53.5399,22.098,-36.908,-101.652,-21.3141,148.182,57.8472,220.567,280.53,726.407,1270.57,663.623,2829.59,485.237,4478.08,389.177
831,-54.9788,18.2223,-34.0478,-102.644,-23.8563,147.795,55.8294,221.087,279.478,726.812,1270.18,664.36,2829.49,485.816,4478.04,389.645
832,-56.1375,14.2538,-31.161,-103.555,-26.3915,147.364,53.807,221.589,278.425,727.216,1269.79,665.097,2829.39,486.395,4478,390.113
833,-57.0101,10.2126,-28.2498,-104.386,-28.9189,146.89,51.7802,222.073,277.372,727.619,1269.41,665.833,2829.29,486.974,4477.96,390.58
834,-57.5921,6.11941,-25.3165,-105.134,-31.4378,146.372,49.7489,222.538,276.318,728.02,1269.02,666.569,2829.19,487.553,4477.92,391.048
835,-57.8805,1.99499,-22.3633,-105.801,-33.9474,145.812,47.7136,222.985,275.263,728.419,1268.63,667.305,2829.09,488.132,4477.88,391.516
836,-57.8738,-2.1396,-19.3927,-106.384,-36.4469,145.208,45.6742,223.413,274.208,728.817,1268.24,668.041,2828.99,488.71,4477.84,391.984
837,-57.5721,-6.26329,-16.4068,-106.884,-38.9357,144.561,43.6311,223.822,273.153,729.213,1267.85,668.776,2828.89,489.289,4477.8,392.451
838,-56.9768,-10.355,-13.408,-107.3,-41.413,143.872,41.5843,224.212,272.096,729.608,1267.47,669.511,2828.79,489.868,4477.75,392.919
839,-56.091,-14.394,-10.3988,-107.632,-43.878,143.14,39.534,224.584,271.039,730.001,1267.08,670.246,2828.69,490.447,4477.71,393.387
840,-54.9191,-18.3595,-7.38142,-107.88,-46.3301,142.365,37.4804,224.937,269.982,730.393,1266.69,670.981,2828.59,491.026,4477.67,393.854
841,-53.4672,-22.2314,-4.35825,-108.044,-48.7686,141.549,35.4237,225.272,268.924,730.783,1266.3,671.716,2828.49,491.605,4477.63,394.322
842,-51.7425,-25.9899,-1.33167,-108.122,-51.1926,140.691,33.364,225.587,267.865,731.172,1265.9,672.45,2828.39,492.183,4477.59,394.79
843,-49.7539,-29.6158,1.69596,-108.116,-53.6015,139.792,31.3015,225.884,266.806,731.559,1265.51,673.184,2828.29,492.762,4477.55,395.257
844,-47.5115,-33.0907,4.72226,-108.026,-55.9946,138.851,29.2365,226.161,265.747,731.945,1265.12,673.918,2828.18,493.341,4477.51,395.725
845,-45.0266,-36.3967,7.74486,-107.85,-58.3712,137.869,27.169,226.42,264.686,732.329,1264.73,674.652,2828.08,493.919,4477.47,396.193
846,-42.312,-39.5169,10.7614,-107.59,-60.7305,136.847,25.0992,226.66,263.626,732.711,1264.34,675.385,2827.98,494.498,4477.42,396.66
847,-39.3815,-42.4356,13.7695,-107.246,-63.0719,135.784,23.0273,226.881,262.564,733.092,1263.94,676.118,2827.88,495.077,4477.38,397.128
848,-36.25,-45.1376,16.7668,-106.818,-65.3947,134.681,20.9535,227.083,261.502,733.472,1263.55,676.851,2827.78,495.655,4477.34,397.595
849,-32.9334,-47.6093,19.751,-106.306,-67.6981,133.538,18.878,227.266,260.44,733.849,1263.16,677.584,2827.68,496.234,4477.3,398.063
850,-29.4488,-49.8379,22.7197,-105.71,-69.9816,132.356,16.8008,227.43,259.377,734.226,1262.76,678.316,2827.57,496.813,4477.26,398.531
851,-25.8138,-51.8121,25.6705,-105.032,-72.2444,131.135,14.7223,227.575,258.313,734.601,1262.37,679.049,2827.47,497.391,4477.22,398.998
852,-22.047,-53.5218,28.6013,-104.272,-74.4859,129.875,12.6425,227.702,257.249,734.974,1261.97,679.781,2827.37,497.97,4477.17,399.466
853,-18.1677,-54.9582,31.5097,-103.429,-76.7055,128.577,10.5617,227.809,256.185,735.346,1261.58,680.512,2827.27,498.548,4477.13,399.934
854,-14.1956,-56.114,34.3933,-102.506,-78.9023,127.241,8.48005,227.897,255.119,735.716,1261.18,681.244,2827.17,499.127,4477.09,400.401
855,-10.151,-56.9832,37.25,-101.503,-81.0759,125.867,6.39765,227.966,254.054,736.085,1260.78,681.975,2827.06,499.705,4477.05,400.869
856,-6.05454,-57.5614,40.0775,-100.419,-83.2255,124.456,4.31472,228.016,252.988,736.452,1260.39,682.707,2826.96,500.284,4477.01,401.336
857,-1.92716,-57.8456,42.8736,-99.2575,-85.3506,123.009,2.23143,228.047,251.921,736.817,1259.99,683.437,2826.86,500.862,4476.96,401.804
858,2.21005,-57.8344,45.6361,-98.0178,-87.4505,121.525,0.147955,228.058,250.853,737.181,1259.59,684.168,2826.76,501.441,4476.92,402.272
859,6.33598,-57.5277,48.3628,-96.7013,-89.5245,120.005,-1.93553,228.051,249.786,737.544,1259.19,684.899,2826.65,502.019,4476.88,402.739
860,10.4295,-56.9271,51.0517,-95.309,-91.5722,118.45,-4.01885,228.025,248.717,737.905,1258.79,685.629,2826.55,502.598,4476.84,403.207
861,14.4698,-56.0358,53.7005,-93.842,-93.5927,116.859,-6.10184,227.98,247.648,738.264,1258.39,686.359,2826.45,503.176,4476.8,403.674
862,18.4362,-54.8581,56.3072,-92.3015,-95.5857,115.235,-8.18431,227.916,246.579,738.622,1257.99,687.088,2826.34,503.754,4476.75,404.142
863,22.3084,-53.4002,58.8698,-90.6886,-97.5505,113.576,-10.2661,227.832,245.509,738.978,1257.6,687.818,2826.24,504.333,4476.71,404.61
864,26.0666,-51.6694,61.3862,-89.0046,-99.4864,111.884,-12.347,227.73,244.439,739.333,1257.19,688.547,2826.14,504.911,4476.67,405.077
865,29.6916,-49.6747,63.8545,-87.2509,-101.393,110.159,-14.4269,227.609,243.368,739.686,1256.79,689.276,2826.03,505.489,4476.63,405.545
866,33.1649,-47.4261,66.2728,-85.4287,-103.27,108.401,-16.5056,227.468,242.296,740.038,1256.39,690.005,2825.93,506.067,4476.58,406.012
867,36.4688,-44.9352,68.6392,-83.5397,-105.116,106.611,-18.5829,227.309,241.225,740.388,1255.99,690.734,2825.83,506.646,4476.54,406.48
868,39.5863,-42.2148,70.9517,-81.5851,-106.931,104.79,-20.6587,227.131,240.152,740.736,1255.59,691.462,2825.72,507.224,4476.5,406.947
869,42.5016,-39.2786,73.2086,-79.5666,-108.714,102.938,-22.7327,226.933,239.079,741.083,1255.19,692.19,2825.62,507.802,4476.46,407.415
870,45.1997,-36.1418,75.4082,-77.4857,-110.466,101.055,-24.8049,226.717,238.006,741.429,1254.78,692.918,2825.51,508.38,4476.41,407.882
871,47.6669,-32.8203,77.5486,-75.3441,-112.185,99.1426,-26.8749,226.482,236.932,741.773,1254.38,693.646,2825.41,508.958,4476.37,408.35
872,49.8906,-29.3312,79.6283,-73.1435,-113.871,97.201,-28.9427,226.228,235.857,742.115,1253.98,694.373,2825.3,509.537,4476.33,408.818
873,51.8593,-25.6921,81.6456,-70.8855,-115.523,95.2306,-31.0081,225.955,234.782,742.456,1253.57,695.1,2825.2,510.115,4476.29,409.285
874,53.5632,-21.9219,83.5989,-68.5719,-117.141,93.2321,-33.0709,225.663,233.707,742.795,1253.17,695.827,2825.1,510.693,4476.24,409.753
875,54.9934,-18.0396,85.4866,-66.2047,-118.724,91.2061,-35.131,225.352,232.631,743.132,1252.76,696.554,2824.99,511.271,4476.2,410.22
876,56.1428,-14.0652,87.3074,-63.7855,-120.272,89.1532,-37.1881,225.023,231.555,743.469,1252.36,697.281,2824.89,511.849,4476.16,410.688
877,57.0053,-10.019,89.0598,-61.3163,-121.785,87.074,-39.2421,224.674,230.478,743.803,1251.95,698.007,2824.78,512.427,4476.11,411.155
878,57.5768,-5.92155,90.7423,-58.7991,-123.262,84.969,-41.2928,224.307,229.4,744.136,1251.55,698.733,2824.68,513.005,4476.07,411.623
879,57.8541,-1.79389,92.3538,-56.2359,-124.703,82.839,-43.3401,223.922,228.322,744.467,1251.14,699.459,2824.57,513.583,4476.03,412.09
880,57.8361,2.34293,93.8929,-53.6285,-126.106,80.6845,-45.3837,223.517,227.244,744.797,1250.73,700.184,2824.46,514.161,4475.98,412.558
881,57.5227,6.46779,95.3584,-50.9791,-127.473,78.5062,-47.4236,223.094,226.165,745.126,1250.32,700.909,2824.36,514.739,4475.94,413.025
882,56.9156,10.5596,96.7491,-48.2898,-128.802,76.3047,-49.4595,222.652,225.086,745.452,1249.92,701.635,2824.25,515.317,4475.9,413.493
883,56.0179,14.5976,98.0641,-45.5626,-130.093,74.0807,-51.4912,222.192,224.006,745.777,1249.51,702.359,2824.15,515.895,4475.85,413.96
884,54.8343,18.561,99.3023,-42.7998,-131.345,71.8348,-53.5187,221.713,222.926,746.101,1249.1,703.084,2824.04,516.473,4475.81,414.428
885,53.3707,22.4296,100.463,-40.0034,-132.558,69.5677,-55.5417,221.215,221.845,746.423,1248.69,703.808,2823.94,517.05,4475.77,414.895
886,51.6348,26.1838,101.544,-37.1756,-133.733,67.2801,-57.5601,220.7,220.764,746.743,1248.28,704.533,2823.83,517.628,4475.72,415.363
887,49.6354,29.8044,102.546,-34.3187,-134.868,64.9726,-59.5736,220.165,219.682,747.062,1247.87,705.256,2823.72,518.206,4475.68,415.83
888,47.3826,33.2729,103.468,-31.435,-135.963,62.6459,-61.5822,219.613,218.6,747.38,1247.46,705.98,2823.62,518.784,4475.64,416.297
889,44.8882,36.5716,104.309,-28.5266,-137.018,60.3007,-63.5856,219.042,217.518,747.695,1247.05,706.704,2823.51,519.362,4475.59,416.765
890,42.1647,39.6837,105.068,-25.5958,-138.033,57.9378,-65.5837,218.452,216.435,748.009,1246.64,707.427,2823.4,519.939,4475.55,417.232
891,39.2261,42.5934,105.744,-22.645,-139.006,55.5577,-67.5764,217.845,215.351,748.322,1246.23,708.15,2823.3,520.517,4475.51,417.7
892,36.0874,45.2859,106.338,-19.6765,-139.939,53.1611,-69.5634,217.219,214.267,748.633,1245.81,708.872,2823.19,521.095,4475.46,418.167
893,32.7646,47.7473,106.849,-16.6926,-140.83,50.7489,-71.5446,216.575,213.183,748.943,1245.4,709.595,2823.08,521.673,4475.42,418.635
894,29.2748,49.9653,107.275,-13.6955,-141.68,48.3218,-73.5198,215.913,212.098,749.25,1244.99,710.317,2822.98,522.25,4475.38,419.102
895,25.6357,51.9285,107.618,-10.6878,-142.488,45.8803,-75.4889,215.233,211.013,749.557,1244.57,711.039,2822.87,522.828,4475.33,419.57
896,21.8659,53.6269,107.877,-7.67167,-143.254,43.4253,-77.4516,214.535,209.927,749.861,1244.16,711.761,2822.76,523.405,4475.29,420.037
897,17.9846,55.0519,108.051,-4.64953,-143.977,40.9575,-79.4079,213.819,208.841,750.165,1243.75,712.482,2822.65,523.983,4475.24,420.504
898,14.0116,56.1962,108.14,-1.62375,-144.658,38.4775,-81.3576,213.086,207.755,750.466,1243.33,713.204,2822.55,524.561,4475.2,420.972
899,9.96715,57.0541,108.145,1.4033,-145.297,35.9862,-83.3005,212.334,206.668,750.766,1242.92,713.925,2822.44,525.138,4475.16,421.439
900,5.87194,57.6212,108.065,4.42925,-145.892,33.4843,-85.2364,211.565,205.58,751.065,1242.5,714.645,2822.33,525.716,4475.11,421.907
901,1.7468,57.8946,107.9,7.45174,-146.444,30.9725,-87.1652,210.778,204.492,751.362,1242.09,715.366,2822.22,526.293,4475.07,422.374
902,-2.38725,57.8729,107.651,10.4684,-146.953,28.4515,-89.0868,209.974,203.404,751.657,1241.67,716.086,2822.12,526.871,4475.02,422.841
903,-6.50913,57.5564,107.318,13.4769,-147.419,25.9222,-91.0008,209.152,202.315,751.951,1241.25,716.806,2822.01,527.448,4474.98,423.309
904,-10.5978,56.9465,106.901,16.4748,-147.841,23.3851,-92.9073,208.312,201.226,752.243,1240.83,717.526,2821.9,528.026,4474.93,423.776
905,-14.6325,56.0465,106.4,19.4598,-148.219,20.8412,-94.8061,207.455,200.137,752.533,1240.42,718.246,2821.79,528.603,4474.89,424.244
906,-18.5927,54.8609,105.815,22.4296,-148.554,18.2911,-96.6969,206.581,199.047,752.822,1240,718.965,2821.68,529.18,4474.85,424.711
907,-22.4581,53.3958,105.148,25.3818,-148.845,15.7357,-98.5796,205.69,197.956,753.11,1239.58,719.684,2821.57,529.758,4474.8,425.178
908,-26.2091,51.6586,104.399,28.3141,-149.091,13.1755,-100.454,204.781,196.865,753.395,1239.16,720.403,2821.47,530.335,4474.76,425.646
909,-29.8266,49.6582,103.568,31.2243,-149.294,10.6115,-102.32,203.855,195.774,753.68,1238.74,721.122,2821.36,530.912,4474.71,426.113
910,-33.2921,47.4049,102.655,34.1101,-149.452,8.04433,-104.178,202.913,194.682,753.962,1238.32,721.84,2821.25,531.49,4474.67,426.581
911,-36.588,44.91,101.663,36.9692,-149.567,5.47479,-106.027,201.953,193.59,754.243,1237.9,722.558,2821.14,532.067,4474.62,427.048
912,-39.6975,42.1864,100.591,39.7993,-149.637,2.90364,-107.867,200.976,192.498,754.523,1237.48,723.276,2821.03,532.644,4474.58,427.515
913,-42.6047,39.2478,99.4397,42.5983,-149.663,0.331631,-109.698,199.983,191.405,754.801,1237.06,723.994,2820.92,533.222,4474.53,427.983
914,-45.2949,36.1093,98.2111,45.364,-149.645,-2.24048,-111.52,198.973,190.312,755.077,1236.64,724.711,2820.81,533.799,4474.49,428.45
915,-47.7543,32.7868,96.9056,48.0942,-149.582,-4.81192,-113.332,197.947,189.218,755.352,1236.22,725.428,2820.7,534.376,4474.44,428.917
916,-49.9704,29.2972,95.5242,50.7867,-149.475,-7.38194,-115.135,196.904,188.124,755.625,1235.8,726.145,2820.59,534.953,4474.4,429.385
917,-51.9319,25.6584,94.0682,53.4395,-149.325,-9.94977,-116.929,195.844,187.03,755.897,1235.37,726.862,2820.48,535.53,4474.35,429.852
918,-53.6288,21.8888,92.5385,56.0505,-149.13,-12.5147,-118.712,194.768,185.935,756.167,1234.95,727.578,2820.37,536.107,4474.31,430.319
919,-55.0524,18.0077,90.9364,58.6177,-148.89,-15.0759,-120.486,193.676,184.84,756.435,1234.53,728.295,2820.26,536.685,4474.26,430.787
920,-56.1955,14.0349,89.2633,61.139,-148.607,-17.6326,-122.25,192.568,183.744,756.702,1234.1,729.01,2820.15,537.262,4474.22,431.254
921,-57.0521,9.99047,87.5202,63.6125,-148.28,-20.1841,-124.003,191.443,182.648,756.967,1233.68,729.726,2820.04,537.839,4474.17,431.721
922,-57.6181,5.89517,85.7088,66.0362,-147.909,-22.7297,-125.747,190.303,181.552,757.231,1233.25,730.442,2819.93,538.416,4474.13,432.188
923,-57.8903,1.76982,83.8303,68.4083,-147.495,-25.2685,-127.479,189.147,180.455,757.493,1232.83,731.157,2819.82,538.993,4474.08,432.656
924,-57.8675,-2.36454,81.8862,70.7269,-147.036,-27.7999,-129.201,187.975,179.358,757.753,1232.4,731.872,2819.71,539.57,4474.04,433.123
925,-57.5496,-6.48685,79.8781,72.9902,-146.535,-30.323,-130.913,186.787,178.26,758.012,1231.98,732.587,2819.6,540.147,4473.99,433.59
926,-56.9384,-10.5761,77.8076,75.1964,-145.99,-32.8372,-132.613,185.584,177.162,758.269,1231.55,733.301,2819.49,540.724,4473.95,434.058
927,-56.0368,-14.6114,75.6762,77.3438,-145.402,-35.3416,-134.302,184.365,176.064,758.525,1231.12,734.015,2819.38,541.301,4473.9,434.525
928,-54.8495,-18.5722,73.4856,79.4308,-144.77,-37.8357,-135.98,183.131,174.965,758.779,1230.7,734.729,2819.27,541.878,4473.86,434.992
929,-53.3825,-22.4383,71.2376,81.4556,-144.096,-40.3185,-137.647,181.881,173.866,759.032,1230.27,735.443,2819.15,542.454,4473.81,435.459
930,-51.6433,-26.1899,68.9339,83.4168,-143.38,-42.7894,-139.302,180.616,172.767,759.283,1229.84,736.156,2819.04,543.031,4473.76,435.927
931,-49.6406,-29.808,66.5763,85.3127,-142.621,-45.2476,-140.946,179.337,171.667,759.532,1229.41,736.87,2818.93,543.608,4473.72,436.394
932,-47.3847,-33.274,64.1666,87.142,-141.82,-47.6925,-142.577,178.042,170.567,759.78,1228.98,737.583,2818.82,544.185,4473.67,436.861
933,-44.887,-36.5702,61.7068,88.9032,-140.976,-50.1232,-144.197,176.732,169.467,760.026,1228.56,738.295,2818.71,544.762,4473.63,437.329
934,-42.1604,-39.6799,59.1988,90.5948,-140.092,-52.5392,-145.805,175.408,168.366,760.27,1228.13,739.008,2818.6,545.339,4473.58,437.796
935,-39.2186,-42.5871,56.6445,92.2157,-139.165,-54.9395,-147.401,174.069,167.265,760.513,1227.7,739.72,2818.48,545.915,4473.54,438.263
936,-36.0766,-45.2769,54.0459,93.7645,-138.198,-57.3237,-148.984,172.716,166.163,760.755,1227.26,740.432,2818.37,546.492,4473.49,438.73
937,-32.7505,-47.7356,51.4051,95.24,-137.19,-59.6908,-150.555,171.348,165.061,760.994,1226.83,741.144,2818.26,547.069,4473.44,439.198
938,-29.2572,-49.9507,48.7241,96.6411,-136.141,-62.0404,-152.113,169.966,163.959,761.232,1226.4,741.855,2818.15,547.645,4473.4,439.665
939,-25.6146,-51.9108,46.0051,97.9666,-135.051,-64.3715,-153.659,168.569,162.856,761.469,1225.97,742.566,2818.04,548.222,4473.35,440.132
940,-21.8412,-53.6058,43.2501,99.2156,-133.922,-66.6836,-155.192,167.159,161.754,761.704,1225.54,743.277,2817.92,548.799,4473.31,440.599
941,-17.9563,-55.0271,40.4613,100.387,-132.754,-68.976,-156.712,165.734,160.65,761.937,1225.11,743.988,2817.81,549.375,4473.26,441.066
942,-13.9797,-56.1675,37.6409,101.48,-131.546,-71.248,-158.219,164.296,159.547,762.169,1224.67,744.699,2817.7,549.952,4473.21,441.534
943,-9.93164,-57.0209,34.791,102.494,-130.299,-73.4989,-159.712,162.844,158.443,762.399,1224.24,745.409,2817.59,550.528,4473.17,442.001
944,-5.83291,-57.5832,31.914,103.428,-129.013,-75.728,-161.192,161.378,157.339,762.628,1223.81,746.119,2817.47,551.105,4473.12,442.468
945,-1.70438,-57.8513,29.0121,104.281,-127.689,-77.9348,-162.659,159.899,156.234,762.855,1223.37,746.829,2817.36,551.682,4473.07,442.935
946,2.43285,-57.824,26.0875,105.052,-126.328,-80.1184,-164.112,158.407,155.129,763.08,1222.94,747.538,2817.25,552.258,4473.03,443.402
947,6.55766,-57.5012,23.1425,105.741,-124.929,-82.2784,-165.552,156.901,154.024,763.304,1222.5,748.247,2817.13,552.834,4472.98,443.87
948,10.649,-56.8847,20.1795,106.348,-123.493,-84.414,-166.978,155.383,152.918,763.526,1222.07,748.956,2817.02,553.411,4472.93,444.337
949,14.6859,-55.9775,17.2007,106.872,-122.021,-86.5246,-168.389,153.851,151.812,763.747,1221.63,749.665,2816.91,553.987,4472.89,444.804
950,18.6477,-54.7843,14.2085,107.312,-120.512,-88.6096,-169.787,152.306,150.706,763.965,1221.19,750.374,2816.79,554.564,4472.84,445.271
951,22.5143,-53.3112,11.2051,107.669,-118.968,-90.6684,-171.17,150.749,149.6,764.183,1220.76,751.082,2816.68,555.14,4472.8,445.738
952,26.2658,-51.5657,8.19303,107.941,-117.389,-92.7003,-172.54,149.179,148.493,764.399,1220.32,751.79,2816.56,555.716,4472.75,446.205
953,29.8832,-49.5567,5.17454,108.129,-115.774,-94.7048,-173.894,147.597,147.386,764.613,1219.88,752.497,2816.45,556.293,4472.7,446.673
954,33.3478,-47.2945,2.15202,108.233,-114.126,-96.6812,-175.235,146.002,146.278,764.825,1219.45,753.205,2816.34,556.869,4472.65,447.14
955,36.642,-44.7906,-0.872189,108.252,-112.444,-98.629,-176.56,144.396,145.171,765.036,1219.01,753.912,2816.22,557.445,4472.61,447.607
956,39.749,-42.0578,-3.89571,108.187,-110.728,-100.548,-177.871,142.777,144.063,765.246,1218.57,754.619,2816.11,558.022,4472.56,448.074
957,42.6528,-39.11,-6.9162,108.037,-108.98,-102.437,-179.167,141.146,142.954,765.453,1218.13,755.326,2815.99,558.598,4472.51,448.541
958,45.3387,-35.9625,-9.93128,107.803,-107.199,-104.295,-180.448,139.503,141.846,765.659,1217.69,756.032,2815.88,559.174,4472.47,449.008
959,47.7929,-32.6311,-12.9386,107.484,-105.387,-106.123,-181.714,137.849,140.737,765.864,1217.25,756.738,2815.76,559.75,4472.42,449.475
960,50.0029,-29.133,-15.9358,107.082,-103.544,-107.919,-182.965,136.184,139.627,766.067,1216.81,757.444,2815.65,560.326,4472.37,449.943
961,51.9574,-25.4861,-18.9206,106.596,-101.669,-109.683,-184.201,134.506,138.518,766.268,1216.37,758.15,2815.53,560.903,4472.33,450.41
962,53.6465,-21.7089,-21.8906,106.027,-99.7651,-111.415,-185.421,132.818,137.408,766.468,1215.93,758.856,2815.42,561.479,4472.28,450.877
963,55.0614,-17.8209,-24.8435,105.375,-97.8312,-113.114,-186.626,131.119,136.298,766.666,1215.49,759.561,2815.3,562.055,4472.23,451.344
964,56.1951,-13.8417,-27.7771,104.641,-95.8684,-114.779,-187.815,129.408,135.188,766.862,1215.04,760.266,2815.19,562.631,4472.18,451.811
965,57.0416,-9.79189,-30.6889,103.825,-93.8772,-116.41,-188.988,127.687,134.077,767.057,1214.6,760.97,2815.07,563.207,4472.14,452.278
966,57.5968,-5.69203,-33.5768,102.928,-91.8582,-118.007,-190.146,125.956,132.966,767.25,1214.16,761.675,2814.96,563.783,4472.09,452.745
967,57.8578,-1.56309,-36.4384,101.951,-89.8119,-119.569,-191.288,124.213,131.855,767.442,1213.71,762.379,2814.84,564.359,4472.04,453.212
968,57.8233,2.57383,-39.2717,100.894,-87.7391,-121.095,-192.413,122.461,130.743,767.632,1213.27,763.083,2814.73,564.935,4471.99,453.679
969,57.4934,6.69761,-42.0742,99.7583,-85.6402,-122.586,-193.523,120.698,129.631,767.82,1212.83,763.786,2814.61,565.511,4471.95,454.146
970,56.87,10.7872,-44.844,98.5448,-83.516,-124.04,-194.617,118.925,128.519,768.007,1212.38,764.49,2814.49,566.087,4471.9,454.614
971,55.9562,14.8217,-47.5787,97.2544,-81.367,-125.457,-195.694,117.142,127.407,768.192,1211.94,765.193,2814.38,566.663,4471.85,455.081
972,54.7567,18.7805,-50.2763,95.8882,-79.194,-126.837,-196.755,115.349,126.294,768.376,1211.49,765.896,2814.26,567.239,4471.8,455.548
973,53.2777,22.6435,-52.9346,94.447,-76.9974,-128.18,-197.8,113.547,125.182,768.558,1211.05,766.598,2814.14,567.815,4471.76,456.015
974,51.5267,26.3909,-55.5516,92.9322,-74.7781,-129.485,-198.828,111.735,124.068,768.738,1210.6,767.301,2814.03,568.39,4471.71,456.482
975,49.5127,30.0035,-58.1253,91.3448,-72.5366,-130.751,-199.839,109.914,122.955,768.917,1210.15,768.003,2813.91,568.966,4471.66,456.949
976,47.246,33.4631,-60.6536,89.6861,-70.2735,-131.979,-200.834,108.083,121.841,769.094,1209.71,768.705,2813.79,569.542,4471.61,457.416
977,44.7382,36.7519,-63.1345,87.9574,-67.9897,-133.167,-201.812,106.244,120.728,769.27,1209.26,769.406,2813.68,570.118,4471.57,457.883
978,42.0022,39.8532,-65.5662,86.1601,-65.6857,-134.316,-202.773,104.396,119.613,769.444,1208.81,770.108,2813.56,570.694,4471.52,458.35
979,39.0519,42.7511,-67.9466,84.2955,-63.3623,-135.425,-203.717,102.539,118.499,769.616,1208.36,770.809,2813.44,571.269,4471.47,458.817
980,35.9023,45.431,-70.2741,82.3651,-61.02,-136.494,-204.644,100.673,117.384,769.787,1207.92,771.509,2813.33,571.845,4471.42,459.284
981,32.5697,47.8791,-72.5467,80.3704,-58.6597,-137.523,-205.554,98.7996,116.269,769.956,1207.47,772.21,2813.21,572.421,4471.37,459.751
982,29.0709,50.0831,-74.7627,78.313,-56.282,-138.511,-206.447,96.9174,115.154,770.123,1207.02,772.91,2813.09,572.996,4471.33,460.218
983,25.4239,52.0317,-76.9203,76.1945,-53.8876,-139.458,-207.323,95.0272,114.039,770.289,1206.57,773.61,2812.97,573.572,4471.28,460.685
984,21.6472,53.7149,-79.0178,74.0165,-51.4772,-140.363,-208.181,93.129,112.923,770.453,1206.12,774.31,2812.86,574.147,4471.23,461.152
985,17.7602,55.1243,-81.0537,71.7807,-49.0515,-141.227,-209.022,91.2231,111.807,770.616,1205.67,775.01,2812.74,574.723,4471.18,461.619
986,13.7826,56.2527,-83.0264,69.4889,-46.6114,-142.049,-209.846,89.3095,110.691,770.777,1205.22,775.709,2812.62,575.299,4471.13,462.086
987,9.73479,57.0943,-84.9342,67.1429,-44.1574,-142.828,-210.652,87.3885,109.575,770.936,1204.76,776.408,2812.5,575.874,4471.08,462.553
988,5.63734,57.6449,-86.7757,64.7444,-41.6903,-143.566,-211.44,85.4602,108.458,771.094,1204.31,777.106,2812.38,576.45,4471.04,463.02
989,1.51116,57.9017,-88.5495,62.2955,-39.2108,-144.261,-212.211,83.5247,107.342,771.25,1203.86,777.805,2812.27,577.025,4470.99,463.487
990,-2.62272,57.8635,-90.2541,59.7978,-36.7197,-144.913,-212.964,81.5823,106.225,771.404,1203.41,778.503,2812.15,577.601,4470.94,463.954
991,-6.74324,57.5303,-91.8883,57.2535,-34.2178,-145.522,-213.699,79.633,105.107,771.557,1202.95,779.201,2812.03,578.176,4470.89,464.421
992,-10.8294,56.9041,-93.4508,54.6646,-31.7056,-146.088,-214.416,77.6771,103.99,771.709,1202.5,779.899,2811.91,578.751,4470.84,464.888
993,-14.8604,55.9879,-94.9403,52.0329,-29.1841,-146.611,-215.116,75.7147,102.872,771.858,1202.05,780.596,2811.79,579.327,4470.79,465.355
994,-18.8156,54.7864,-96.3557,49.3606,-26.6539,-147.09,-215.797,73.746,101.754,772.006,1201.59,781.293,2811.67,579.902,4470.74,465.822
995,-22.675,53.3058,-97.6959,46.6498,-24.1158,-147.525,-216.461,71.7712,100.636,772.153,1201.14,781.99,2811.55,580.477,4470.69,466.289
996,-26.4189,51.5537,-98.9598,43.9026,-21.5706,-147.917,-217.106,69.7903,99.5181,772.298,1200.68,782.687,2811.43,581.053,4470.65,466.756
997,-30.0282,49.5389,-100.146,41.1211,-19.019,-148.265,-217.733,67.8036,98.3996,772.441,1200.23,783.383,2811.32,581.628,4470.6,467.223
998,-33.4846,47.2718,-101.255,38.3075,-16.4617,-148.569,-218.342,65.8113,97.2809,772.582,1199.77,784.079,2811.2,582.203,4470.55,467.69
999,-36.7703,44.7639,-102.284,35.4639,-13.8995,-148.829,-218.933,63.8134,96.1619,772.722,1199.32,784.775,2811.08,582.779,4470.5,468.157
1000,-39.8688,42.0279,-103.234,32.5927,-11.3332,-149.044,-219.505,61.8103,95.0428,772.86,1198.86,785.471,2810.96,583.354,4470.45,468.623
1001,-42.7641,39.0779,-104.103,29.6961,-8.7636,-149.216,-220.06,59.8019,93.9235,772.997,1198.4,786.166,2810.84,583.929,4470.4,469.09
1002,-45.4417,35.9287,-104.89,26.7762,-6.19135,-149.343,-220.595,57.7886,92.804,773.132,1197.94,786.861,2810.72,584.504,4470.35,469.557
1003,-47.8877,32.5966,-105.596,23.8355,-3.61727,-149.426,-221.113,55.7704,91.6843,773.266,1197.49,787.556,2810.6,585.079,4470.3,470.024
1004,-50.0898,29.0984,-106.219,20.8761,-1.04211,-149.465,-221.611,53.7476,90.5643,773.397,1197.03,788.25,2810.48,585.654,4470.25,470.491
1005,-52.0367,25.452,-106.76,17.9005,1.53335,-149.459,-222.092,51.7203,89.4442,773.528,1196.57,788.944,2810.36,586.229,4470.2,470.958
1006,-53.7185,21.6759,-107.216,14.9108,4.10836,-149.409,-222.554,49.6887,88.324,773.656,1196.11,789.638,2810.24,586.805,4470.16,471.425
1007,-55.1266,17.7894,-107.59,11.9095,6.68216,-149.314,-222.997,47.6529,87.2035,773.783,1195.65,790.332,2810.12,587.38,4470.11,471.892
1008,-56.2538,13.8122,-107.879,8.89895,9.25397,-149.176,-223.421,45.6131,86.0828,773.908,1195.19,791.026,2810,587.955,4470.06,472.359
1009,-57.0944,9.76467,-108.084,5.88142,11.823,-148.993,-223.827,43.5696,84.962,774.032,1194.73,791.719,2809.88,588.53,4470.01,472.826
1010,-57.6441,5.66737,-108.204,2.85929,14.3886,-148.765,-224.214,41.5224,83.841,774.154,1194.27,792.412,2809.75,589.105,4469.96,473.292
1011,-57.9,1.54119,-108.24,-0.165073,16.9499,-148.494,-224.583,39.4717,82.7198,774.275,1193.81,793.104,2809.63,589.68,4469.91,473.759
1012,-57.8608,-2.59284,-108.191,-3.1893,19.5061,-148.179,-224.933,37.4177,81.5984,774.394,1193.35,793.797,2809.51,590.254,4469.86,474.226
1013,-57.5267,-6.71365,-108.058,-6.21104,22.0566,-147.819,-225.263,35.3606,80.4769,774.511,1192.88,794.489,2809.39,590.829,4469.81,474.693
1014,-56.8994,-10.8002,-107.841,-9.22792,24.6005,-147.416,-225.576,33.3006,79.3552,774.626,1192.42,795.181,2809.27,591.404,4469.76,475.16
1015,-55.982,-14.8318,-107.539,-12.2376,27.1371,-146.969,-225.869,31.2377,78.2333,774.74,1191.96,795.872,2809.15,591.979,4469.71,475.627
1016,-54.7792,-18.7877,-107.153,-15.2377,29.6657,-146.478,-226.143,29.1723,77.1113,774.853,1191.5,796.564,2809.03,592.554,4469.66,476.094
1017,-53.2971,-22.6478,-106.683,-18.2259,32.1855,-145.944,-226.399,27.1044,75.9891,774.963,1191.03,797.255,2808.91,593.129,4469.61,476.56
1018,-51.5432,-26.3924,-106.13,-21.1999,34.6957,-145.367,-226.635,25.0343,74.8668,775.072,1190.57,797.945,2808.78,593.703,4469.56,477.027
1019,-49.5264,-30.0024,-105.495,-24.1573,37.1956,-144.746,-226.853,22.962,73.7443,775.18,1190.1,798.636,2808.66,594.278,4469.51,477.494
1020,-47.2571,-33.4594,-104.776,-27.0958,39.6845,-144.083,-227.051,20.8879,72.6216,775.286,1189.64,799.326,2808.54,594.853,4469.46,477.961
1021,-44.7466,-36.7457,-103.976,-30.0131,42.1616,-143.376,-227.231,18.812,71.4988,775.39,1189.17,800.016,2808.42,595.428,4469.41,478.428
1022,-42.0079,-39.8446,-103.094,-32.907,44.6262,-142.628,-227.392,16.7345,70.3758,775.492,1188.71,800.706,2808.3,596.002,4469.36,478.894
1023,-39.0548,-42.7401,-102.132,-35.7751,47.0775,-141.836,-227.533,14.6557,69.2527,775.593,1188.24,801.395,2808.17,596.577,4469.31,479.361
1024,-35.9025,-45.4175,-101.09,-38.6153,49.5149,-141.003,-227.656,12.5756,68.1295,775.693,1187.78,802.084,2808.05,597.152,4469.26,479.828
1025,-32.5669,-47.8632,-99.9695,-41.4253,51.9375,-140.128,-227.759,10.4945,67.0061,775.79,1187.31,802.773,2807.93,597.726,4469.21,480.295
1026,-29.0651,-50.0645,-98.7704,-44.2029,54.3448,-139.211,-227.844,8.41244,65.8825,775.886,1186.84,803.462,2807.81,598.301,4469.16,480.762
1027,-25.415,-52.0104,-97.494,-46.9459,56.7359,-138.253,-227.909,6.32973,64.7588,775.981,1186.38,804.15,2807.68,598.875,4469.11,481.228
1028,-21.6351,-53.6906,-96.1415,-49.6523,59.1102,-137.254,-227.956,4.24649,63.635,776.074,1185.91,804.838,2807.56,599.45,4469.06,481.695
1029,-17.7447,-55.0968,-94.7138,-52.3198,61.4669,-136.214,-227.983,2.16289,62.5111,776.165,1185.44,805.526,2807.44,600.024,4469.01,482.162
1030,-13.7637,-56.2216,-93.212,-54.9464,63.8054,-135.134,-227.992,0.0791153,61.387,776.254,1184.97,806.214,2807.31,600.599,4468.96,482.629
1031,-9.71247,-57.0593,-91.6373,-57.53,66.1249,-134.014,-227.981,-2.00466,60.2628,776.342,1184.5,806.901,2807.19,601.173,4468.91,483.096
1032,-5.61161,-57.6056,-89.9909,-60.0686,68.4249,-132.853,-227.951,-4.08828,59.1385,776.429,1184.03,807.588,2807.07,601.748,4468.86,483.562
1033,-1.48209,-57.8577,-88.2741,-62.5602,70.7045,-131.654,-227.902,-6.17154,58.014,776.513,1183.56,808.274,2806.94,602.322,4468.8,484.029
1034,2.65501,-57.8142,-86.4884,-65.003,72.9631,-130.415,-227.834,-8.2543,56.8894,776.596,1183.09,808.961,2806.82,602.896,4468.75,484.496
1035,6.77854,-57.4754,-84.6349,-67.3948,75.2,-129.138,-227.747,-10.3364,55.7647,776.678,1182.62,809.647,2806.7,603.471,4468.7,484.963
1036,10.8674,-56.8429,-82.7152,-69.734,77.4146,-127.822,-227.641,-12.4175,54.6399,776.757,1182.15,810.333,2806.57,604.045,4468.65,485.429
1037,14.9008,-55.92,-80.7309,-72.0185,79.6063,-126.468,-227.516,-14.4977,53.515,776.836,1181.68,811.019,2806.45,604.619,4468.6,485.896
1038,18.8581,-54.7114,-78.6834,-74.2468,81.7743,-125.077,-227.372,-16.5766,52.3899,776.912,1181.21,811.704,2806.33,605.194,4468.55,486.363
1039,22.7189,-53.2233,-76.5743,-76.4169,83.918,-123.648,-227.209,-18.6542,51.2648,776.987,1180.73,812.389,2806.2,605.768,4468.5,486.829
1040,26.4637,-51.4631,-74.4052,-78.5273,86.0369,-122.183,-227.027,-20.7302,50.1395,777.06,1180.26,813.074,2806.08,606.342,4468.45,487.296
1041,30.0733,-49.44,-72.178,-80.5762,88.1301,-120.682,-226.826,-22.8044,49.0142,777.132,1179.79,813.758,2805.95,606.916,4468.4,487.763
1042,33.5291,-47.1642,-69.8943,-82.562,90.1973,-119.145,-226.606,-24.8768,47.8887,777.202,1179.31,814.443,2805.83,607.49,4468.35,488.23
1043,36.8137,-44.6474,-67.5559,-84.4832,92.2376,-117.572,-226.367,-26.9471,46.7631,777.27,1178.84,815.127,2805.7,608.065,4468.3,488.696
1044,39.91,-41.9024,-65.1646,-86.3383,94.2506,-115.965,-226.109,-29.0151,45.6375,777.337,1178.37,815.81,2805.58,608.639,4468.24,489.163
1045,42.8025,-38.9433,-62.7223,-88.1259,96.2355,-114.323,-225.833,-31.0807,44.5117,777.402,1177.89,816.494,2805.45,609.213,4468.19,489.63
1046,45.4761,-35.7852,-60.2309,-89.8444,98.1919,-112.647,-225.537,-33.1437,43.3859,777.465,1177.42,817.177,2805.33,609.787,4468.14,490.096
1047,47.9174,-32.4441,-57.6923,-91.4926,100.119,-110.938,-225.222,-35.2039,42.2599,777.527,1176.94,817.86,2805.2,610.361,4468.09,490.563
1048,50.1138,-28.9373,-55.1086,-93.0692,102.017,-109.195,-224.889,-37.2611,41.1339,777.587,1176.47,818.542,2805.08,610.935,4468.04,491.03
1049,52.0541,-25.2826,-52.4818,-94.5729,103.884,-107.421,-224.537,-39.3153,40.0078,777.646,1175.99,819.225,2804.95,611.509,4467.99,491.496
1050,53.7284,-21.4987,-49.8138,-96.0026,105.72,-105.614,-224.166,-41.3661,38.8816,777.703,1175.51,819.907,2804.83,612.083,4467.94,491.963
1051,55.1282,-17.6049,-47.1069,-97.357,107.525,-103.776,-223.776,-43.4135,37.7553,777.758,1175.04,820.589,2804.7,612.657,4467.89,492.43
1052,56.2463,-13.6212,-44.363,-98.6353,109.298,-101.908,-223.368,-45.4573,36.6289,777.812,1174.56,821.27,2804.58,613.231,4467.83,492.896
1053,57.077,-9.56788,-41.5844,-99.8363,111.039,-100.009,-222.941,-47.4973,35.5025,777.864,1174.08,821.951,2804.45,613.805,4467.78,493.363
1054,57.6161,-5.46569,-38.7733,-100.959,112.747,-98.08,-222.495,-49.5333,34.376,777.914,1173.6,822.632,2804.32,614.378,4467.73,493.83
1055,57.8608,-1.33556,-35.9318,-102.003,114.421,-96.1222,-222.03,-51.5651,33.2494,777.963,1173.12,823.313,2804.2,614.952,4467.68,494.296
1056,57.81,2.80138,-33.0621,-102.967,116.061,-94.1359,-221.547,-53.5926,32.1227,778.01,1172.64,823.993,2804.07,615.526,4467.63,494.763
1057,57.464,6.92402,-30.1666,-103.85,117.667,-92.1217,-221.046,-55.6157,30.996,778.056,1172.16,824.674,2803.95,616.1,4467.58,495.229
1058,56.8244,11.0113,-27.2474,-104.652,119.238,-90.0801,-220.526,-57.6341,29.8692,778.1,1171.68,825.353,2803.82,616.674,4467.52,495.696
1059,55.8946,15.0423,-24.3069,-105.372,120.773,-88.0117,-219.987,-59.6476,28.7424,778.142,1171.2,826.033,2803.69,617.247,4467.47,496.163
1060,54.6795,18.9966,-21.3473,-106.009,122.273,-85.9172,-219.431,-61.6562,27.6155,778.182,1170.72,826.712,2803.57,617.821,4467.42,496.629
1061,53.1851,22.8538,-18.371,-106.563,123.736,-83.7973,-218.855,-63.6596,26.4885,778.221,1170.24,827.391,2803.44,618.395,4467.37,497.096
1062,51.4193,26.5944,-15.3803,-107.034,125.163,-81.6524,-218.262,-65.6577,25.3615,778.259,1169.76,828.07,2803.31,618.968,4467.32,497.563
1063,49.3909,30.1992,-12.3776,-107.421,126.552,-79.4833,-217.65,-67.6503,24.2344,778.295,1169.28,828.748,2803.19,619.542,4467.26,498.029
1064,47.1105,33.6499,-9.36512,-107.724,127.904,-77.2906,-217.02,-69.6372,23.1073,778.329,1168.8,829.427,2803.06,620.116,4467.21,498.496
1065,44.5896,36.9289,-6.34535,-107.942,129.218,-75.075,-216.372,-71.6183,21.9801,778.361,1168.31,830.105,2802.93,620.689,4467.16,498.962
1066,41.8412,40.0194,-3.3206,-108.076,130.494,-72.8371,-215.706,-73.5934,20.8529,778.392,1167.83,830.782,2802.8,621.263,4467.11,499.429
1067,38.8793,42.9057,-0.293244,-108.125,131.73,-70.5775,-215.021,-75.5624,19.7256,778.421,1167.35,831.46,2802.68,621.836,4467.05,499.895
1068,35.7191,45.5731,2.73434,-108.089,132.928,-68.297,-214.319,-77.525,18.5983,778.449,1166.86,832.137,2802.55,622.41,4467,500.362
1069,32.3766,48.0081,5.75978,-107.969,134.086,-65.9963,-213.599,-79.4811,17.471,778.474,1166.38,832.813,2802.42,622.983,4466.95,500.829
1070,28.869,50.1982,8.7807,-107.764,135.205,-63.6759,-212.861,-81.4306,16.3436,778.499,1165.9,833.49,2802.29,623.557,4466.9,501.295
1071,25.2142,52.1323,11.7947,-107.475,136.283,-61.3366,-212.105,-83.3733,15.2162,778.521,1165.41,834.166,2802.17,624.13,4466.84,501.762
1072,21.4308,53.8005,14.7995,-107.101,137.321,-58.9792,-211.331,-85.309,14.0887,778.542,1164.92,834.842,2802.04,624.703,4466.79,502.228
1073,17.5381,55.1945,17.7927,-106.643,138.318,-56.6042,-210.54,-87.2375,12.9613,778.562,1164.44,835.518,2801.91,625.277,4466.74,502.695
1074,13.5561,56.307,20.772,-106.102,139.274,-54.2125,-209.731,-89.1588,11.8338,778.58,1163.95,836.193,2801.78,625.85,4466.69,503.161
1075,9.50488,57.1325,23.735,-105.477,140.189,-51.8046,-208.904,-91.0725,10.7062,778.596,1163.47,836.868,2801.65,626.424,4466.63,503.628
1076,5.40524,57.6668,26.6793,-104.77,141.062,-49.3814,-208.06,-92.9787,9.5787,778.61,1162.98,837.543,2801.52,626.997,4466.58,504.094
1077,1.27806,57.9072,29.6028,-103.981,141.893,-46.9435,-207.199,-94.877,8.45113,778.623,1162.49,838.217,2801.4,627.57,4466.53,504.561
1078,-2.85563,57.8525,32.503,-103.11,142.683,-44.4917,-206.32,-96.7675,7.32354,778.634,1162,838.892,2801.27,628.143,4466.48,505.027
1079,-6.97477,57.503,35.3778,-102.159,143.429,-42.0266,-205.424,-98.6498,6.19594,778.644,1161.52,839.566,2801.14,628.717,4466.42,505.494
1080,-11.0584,56.8604,38.2248,-101.127,144.134,-39.5491,-204.51,-100.524,5.06833,778.652,1161.03,840.239,2801.01,629.29,4466.37,505.96
1081,-15.0856,55.9282,41.0419,-100.016,144.795,-37.0599,-203.58,-102.39,3.94071,778.658,1160.54,840.913,2800.88,629.863,4466.32,506.427
1082,-19.036,54.711,43.8267,-98.8267,145.414,-34.5597,-202.633,-104.247,2.81307,778.663,1160.05,841.586,2800.75,630.436,4466.26,506.893
1083,-22.8895,53.2151,46.5773,-97.5598,145.989,-32.0492,-201.668,-106.095,1.68544,778.666,1159.56,842.259,2800.62,631.009,4466.21,507.36
1084,-26.6263,51.4482,49.2912,-96.2164,146.521,-29.5292,-200.687,-107.934,0.557795,778.667,1159.07,842.931,2800.49,631.582,4466.16,507.826
1085,-30.2275,49.4191,51.9666,-94.7976,147.01,-27.0004,-199.689,-109.765,-0.569847,778.667,1158.58,843.604,2800.36,632.155,4466.1,508.293
1086,-33.6747,47.1383,54.6012,-93.3044,147.455,-24.4637,-198.674,-111.586,-1.69749,778.665,1158.09,844.276,2800.23,632.728,4466.05,508.759
1087,-36.9504,44.6174,57.193,-91.7381,147.856,-21.9196,-197.643,-113.398,-2.82512,778.662,1157.6,844.947,2800.1,633.301,4466,509.226
1088,-40.0378,41.8692,59.7399,-90.0999,148.213,-19.3691,-196.595,-115.2,-3.95275,778.656,1157.11,845.619,2799.97,633.874,4465.94,509.692
1089,-42.9214,38.9078,62.24,-88.391,148.527,-16.8128,-195.53,-116.993,-5.08038,778.65,1156.61,846.29,2799.84,634.447,4465.89,510.159
1090,-45.5863,35.7482,64.6913,-86.6128,148.796,-14.2516,-194.449,-118.776,-6.20799,778.641,1156.12,846.961,2799.71,635.02,4465.84,510.625
1091,-48.019,32.4065,67.0919,-84.7666,149.021,-11.6861,-193.352,-120.549,-7.33559,778.631,1155.63,847.631,2799.58,635.593,4465.78,511.091
1092,-50.2071,28.8998,69.4399,-82.8541,149.202,-9.11709,-192.239,-122.312,-8.46317,778.62,1155.13,848.301,2799.45,636.166,4465.73,511.558
1093,-52.1394,25.2458,71.7334,-80.8765,149.339,-6.54541,-191.109,-124.065,-9.59073,778.606,1154.64,848.971,2799.32,636.739,4465.68,512.024
1094,-53.8062,21.4632,73.9707,-78.8355,149.431,-3.9718,-189.964,-125.807,-10.7183,778.591,1154.15,849.641,2799.19,637.312,4465.62,512.491
1095,-55.1989,17.5713,76.1499,-76.7327,149.48,-1.39701,-188.803,-127.538,-11.8458,778.575,1153.65,850.311,2799.06,637.884,4465.57,512.957
1096,-56.3103,13.5899,78.2695,-74.5697,149.483,1.1782,-187.625,-129.26,-12.9733,778.557,1153.16,850.98,2798.93,638.457,4465.52,513.424
1097,-57.1349,9.53923,80.3277,-72.3483,149.443,3.75307,-186.433,-130.97,-14.1008,778.537,1152.66,851.649,2798.8,639.03,4465.46,513.89
1098,-57.6684,5.43997,82.3229,-70.0701,149.358,6.32682,-185.224,-132.669,-15.2282,778.515,1152.17,852.317,2798.67,639.603,4465.41,514.356
1099,-57.908,1.313,84.2535,-67.737,149.229,8.89869,-184,-134.357,-16.3556,778.492,1151.67,852.985,2798.54,640.175,4465.35,514.823
1100,-57.8525,-2.82066,86.1181,-65.3508,149.056,11.4679,-182.761,-136.034,-17.483,778.467,1151.18,853.653,2798.4,640.748,4465.3,515.289
1101,-57.5022,-6.93995,87.9152,-62.9133,148.838,14.0338,-181.506,-137.699,-18.6103,778.441,1150.68,854.321,2798.27,641.32,4465.25,515.756
1102,-56.8588,-11.0239,89.6433,-60.4265,148.576,16.5955,-180.236,-139.353,-19.7376,778.413,1150.18,854.988,2798.14,641.893,4465.19,516.222
1103,-55.9256,-15.0516,91.3011,-57.8923,148.27,19.1522,-178.951,-140.996,-20.8649,778.383,1149.68,855.656,2798.01,642.466,4465.14,516.688
1104,-54.7073,-19.0026,92.8874,-55.3127,147.921,21.7033,-177.651,-142.626,-21.9921,778.352,1149.19,856.322,2797.88,643.038,4465.08,517.155
1105,-53.21,-22.8567,94.4008,-52.6898,147.527,24.2479,-176.336,-144.245,-23.1192,778.319,1148.69,856.989,2797.75,643.611,4465.03,517.621
1106,-51.4415,-26.5942,95.8402,-50.0255,147.09,26.7854,-175.006,-145.851,-24.2464,778.285,1148.19,857.655,2797.61,644.183,4464.98,518.087
1107,-49.4106,-30.1962,97.2045,-47.322,146.609,29.3149,-173.662,-147.445,-25.3734,778.248,1147.69,858.321,2797.48,644.756,4464.92,518.554
1108,-47.1278,-33.6441,98.4926,-44.5815,146.084,31.8358,-172.303,-149.027,-26.5004,778.211,1147.19,858.987,2797.35,645.328,4464.87,519.02
1109,-44.6045,-36.9204,99.7034,-41.8059,145.517,34.3472,-170.93,-150.596,-27.6274,778.171,1146.69,859.652,2797.22,645.901,4464.81,519.486
1110,-41.8537,-40.0084,100.836,-38.9976,144.906,36.8484,-169.542,-152.153,-28.7543,778.13,1146.19,860.317,2797.08,646.473,4464.76,519.953
1111,-38.8894,-42.8923,101.89,-36.1587,144.252,39.3387,-168.14,-153.697,-29.8811,778.087,1145.69,860.982,2796.95,647.045,4464.7,520.419
1112,-35.7267,-45.5573,102.864,-33.2915,143.556,41.8173,-166.724,-155.228,-31.0079,778.043,1145.19,861.647,2796.82,647.618,4464.65,520.885
1113,-32.3816,-47.9898,103.757,-30.3982,142.817,44.2836,-165.294,-156.746,-32.1346,777.997,1144.69,862.311,2796.69,648.19,4464.6,521.352
1114,-28.8713,-50.1774,104.569,-27.481,142.035,46.7367,-163.85,-158.251,-33.2612,777.95,1144.19,862.975,2796.55,648.762,4464.54,521.818
1115,-25.2136,-52.1089,105.298,-24.5423,141.212,49.176,-162.393,-159.743,-34.3878,777.9,1143.68,863.638,2796.42,649.334,4464.49,522.284
1116,-21.4272,-53.7743,105.946,-21.5844,140.346,51.6007,-160.922,-161.221,-35.5143,777.849,1143.18,864.302,2796.29,649.907,4464.43,522.751
1117,-17.5313,-55.1652,106.51,-18.6095,139.44,54.0101,-159.437,-162.686,-36.6407,777.797,1142.68,864.965,2796.15,650.479,4464.38,523.217
1118,-13.546,-56.2744,106.991,-15.6201,138.491,56.4036,-157.939,-164.137,-37.7671,777.743,1142.18,865.628,2796.02,651.051,4464.32,523.683
1119,-9.49149,-57.0962,107.388,-12.6184,137.502,58.7803,-156.428,-165.574,-38.8933,777.687,1141.67,866.29,2795.89,651.623,4464.27,524.149
1120,-5.3885,-57.6265,107.701,-9.60683,136.472,61.1396,-154.904,-166.998,-40.0195,777.63,1141.17,866.952,2795.75,652.195,4464.21,524.616
1121,-1.25799,-57.8624,107.929,-6.58772,135.402,63.4808,-153.366,-168.407,-41.1456,777.571,1140.66,867.614,2795.62,652.767,4464.16,525.082
1122,2.87894,-57.8027,108.073,-3.56345,134.291,65.8031,-151.816,-169.802,-42.2716,777.51,1140.16,868.276,2795.48,653.339,4464.1,525.548
1123,7.00117,-57.4477,108.132,-0.536385,133.141,68.106,-150.253,-171.184,-43.3976,777.448,1139.65,868.937,2795.35,653.911,4464.05,526.015
1124,11.0876,-56.7992,108.106,2.4911,131.951,70.3888,-148.678,-172.55,-44.5234,777.384,1139.15,869.598,2795.22,654.483,4463.99,526.481
1125,15.1174,-55.8605,107.996,5.51664,130.722,72.6506,-147.09,-173.903,-45.6491,777.318,1138.64,870.259,2795.08,655.055,4463.94,526.947
1126,19.07,-54.6363,107.801,8.53786,129.455,74.891,-145.489,-175.24,-46.7748,777.251,1138.14,870.919,2794.95,655.627,4463.88,527.413
1127,22.9251,-53.1329,107.522,11.5524,128.149,77.1092,-143.877,-176.563,-47.9003,777.182,1137.63,871.579,2794.81,656.199,4463.83,527.879
1128,26.663,-51.358,107.158,14.5579,126.805,79.3045,-142.252,-177.872,-49.0258,777.112,1137.12,872.239,2794.68,656.771,4463.77,528.346
1129,30.2647,-49.3207,106.711,17.552,125.423,81.4764,-140.616,-179.165,-50.1511,777.04,1136.61,872.899,2794.54,657.343,4463.72,528.812
1130,33.7117,-47.0312,106.18,20.5323,124.005,83.6241,-138.967,-180.443,-51.2764,776.966,1136.11,873.558,2794.41,657.915,4463.66,529.278
1131,36.9864,-44.5014,105.566,23.4965,122.55,85.7471,-137.307,-181.706,-52.4015,776.891,1135.6,874.217,2794.27,658.487,4463.61,529.744
1132,40.0721,-41.7441,104.869,26.4424,121.058,87.8447,-135.636,-182.954,-53.5265,776.814,1135.09,874.876,2794.14,659.058,4463.55,530.211
1133,42.9529,-38.7735,104.09,29.3676,119.531,89.9163,-133.953,-184.187,-54.6514,776.735,1134.58,875.534,2794,659.63,4463.49,530.677
1134,45.6143,-35.6047,103.229,32.2697,117.968,91.9613,-132.259,-185.404,-55.7762,776.655,1134.07,876.192,2793.87,660.202,4463.44,531.143
1135,48.0424,-32.2539,102.288,35.1466,116.37,93.979,-130.554,-186.605,-56.9009,776.573,1133.56,876.85,2793.73,660.774,4463.38,531.609
1136,50.225,-28.7382,101.266,37.996,114.738,95.9689,-128.838,-187.791,-58.0254,776.489,1133.05,877.508,2793.6,661.345,4463.33,532.075
1137,52.1509,-25.0757,100.166,40.8156,113.072,97.9304,-127.111,-188.961,-59.1499,776.404,1132.54,878.165,2793.46,661.917,4463.27,532.542
1138,53.8103,-21.285,98.9864,43.6033,111.372,99.863,-125.373,-190.116,-60.2742,776.318,1132.03,878.822,2793.33,662.489,4463.22,533.008
1139,55.1947,-17.3855,97.7297,46.3568,109.64,101.766,-123.625,-191.254,-61.3984,776.229,1131.52,879.478,2793.19,663.06,4463.16,533.474
1140,56.297,-13.3972,96.3965,49.0741,107.875,103.639,-121.867,-192.376,-62.5224,776.139,1131.01,880.135,2793.05,663.632,4463.1,533.94
1141,57.1117,-9.34039,94.9879,51.753,106.078,105.481,-120.098,-193.483,-63.6463,776.048,1130.49,880.791,2792.92,664.203,4463.05,534.406
1142,57.6345,-5.23587,93.505,54.3913,104.25,107.292,-118.319,-194.573,-64.7701,775.954,1129.98,881.446,2792.78,664.775,4462.99,534.872
1143,57.8628,-1.1046,91.9488,56.9871,102.391,109.071,-116.53,-195.646,-65.8938,775.859,1129.47,882.102,2792.64,665.346,4462.94,535.338
1144,57.7955,3.03232,90.3207,59.5383,100.501,110.818,-114.732,-196.703,-67.0173,775.763,1128.96,882.757,2792.51,665.918,4462.88,535.805
1145,57.433,7.15375,88.622,62.0429,98.5819,112.532,-112.924,-197.744,-68.1407,775.665,1128.44,883.412,2792.37,666.489,4462.82,536.271
1146,56.7771,11.2386,86.8539,64.499,96.6336,114.213,-111.106,-198.768,-69.2639,775.565,1127.93,884.066,2792.23,667.061,4462.77,536.737
1147,55.8312,15.2661,85.0178,66.9045,94.6566,115.86,-109.279,-199.776,-70.387,775.464,1127.41,884.72,2792.1,667.632,4462.71,537.203
1148,54.6002,19.2157,83.1152,69.2578,92.6517,117.473,-107.443,-200.766,-71.5099,775.361,1126.9,885.374,2791.96,668.203,4462.66,537.669
1149,53.0904,23.0671,81.1476,71.5569,90.6193,119.051,-105.598,-201.74,-72.6327,775.256,1126.38,886.028,2791.82,668.775,4462.6,538.135
1150,51.3095,26.8007,79.1165,73.8,88.5601,120.594,-103.744,-202.697,-73.7553,775.15,1125.87,886.681,2791.69,669.346,4462.54,538.601
1151,49.2666,30.3975,77.0235,75.9854,86.4748,122.101,-101.881,-203.637,-74.8778,775.042,1125.35,887.334,2791.55,669.917,4462.49,539.067
1152,46.9723,33.8392,74.8703,78.1113,84.3638,123.572,-100.01,-204.56,-76.0001,774.932,1124.84,887.987,2791.41,670.488,4462.43,539.533
1153,44.4382,37.1081,72.6585,80.1762,82.228,125.007,-98.1307,-205.465,-77.1223,774.821,1124.32,888.64,2791.27,671.059,4462.37,540
1154,41.6774,40.1877,70.3899,82.1784,80.0677,126.404,-96.2428,-206.354,-78.2443,774.708,1123.8,889.292,2791.14,671.631,4462.32,540.466
1155,38.7038,43.0622,68.0663,84.1163,77.8839,127.765,-94.3469,-207.225,-79.3661,774.594,1123.28,889.944,2791,672.202,4462.26,540.932
1156,35.5328,45.717,65.6894,85.9884,75.6769,129.087,-92.4431,-208.078,-80.4878,774.478,1122.77,890.595,2790.86,672.773,4462.2,541.398
1157,32.1805,48.1386,63.2612,87.7933,73.4476,130.371,-90.5315,-208.914,-81.6093,774.36,1122.25,891.246,2790.72,673.344,4462.15,541.864
1158,28.6641,50.3146,60.7835,89.5296,71.1966,131.617,-88.6123,-209.733,-82.7306,774.241,1121.73,891.897,2790.58,673.915,4462.09,542.33
1159,25.0015,52.2341,58.2583,91.1959,68.9246,132.824,-86.6857,-210.534,-83.8517,774.12,1121.21,892.548,2790.45,674.486,4462.03,542.796
1160,21.2114,53.8871,55.6876,92.7909,66.6321,133.991,-84.7518,-211.318,-84.9727,773.997,1120.69,893.198,2790.31,675.057,4461.98,543.262
1161,17.3132,55.2654,53.0733,94.3134,64.32,135.119,-82.8108,-212.083,-86.0935,773.873,1120.17,893.848,2790.17,675.628,4461.92,543.728
1162,13.3267,56.362,50.4176,95.7621,61.9888,136.207,-80.8628,-212.831,-87.2141,773.747,1119.65,894.498,2790.03,676.199,4461.86,544.194
1163,9.2722,57.1712,47.7224,97.1361,59.6393,137.255,-78.908,-213.561,-88.3346,773.62,1119.13,895.148,2789.89,676.77,4461.81,544.66
1164,5.17049,57.6891,44.99,98.4341,57.2722,138.262,-76.9466,-214.273,-89.4548,773.491,1118.61,895.797,2789.75,677.341,4461.75,545.126
1165,1.04242,57.9129,42.2224,99.6552,54.8882,139.228,-74.9788,-214.967,-90.5749,773.36,1118.09,896.446,2789.61,677.912,4461.69,545.592
1166,-3.09095,57.8416,39.4218,100.798,52.4879,140.153,-73.0047,-215.643,-91.6948,773.228,1117.57,897.094,2789.48,678.483,4461.64,546.058
1167,-7.20858,57.4756,36.5904,101.863,50.0721,141.037,-71.0244,-216.301,-92.8144,773.094,1117.05,897.742,2789.34,679.053,4461.58,546.524
1168,-11.2895,56.8168,33.7304,102.848,47.6415,141.879,-69.0382,-216.941,-93.9339,772.959,1116.52,898.39,2789.2,679.624,4461.52,546.99
1169,-15.3129,55.8684,30.844,103.752,45.1969,142.679,-67.0461,-217.562,-95.0532,772.821,1116,899.038,2789.06,680.195,4461.46,547.456
1170,-19.2582,54.6355,27.9336,104.576,42.7389,143.437,-65.0485,-218.165,-96.1723,772.683,1115.48,899.685,2788.92,680.766,4461.41,547.922
1171,-23.1055,53.1243,25.0013,105.318,40.2682,144.152,-63.0454,-218.75,-97.2912,772.542,1114.95,900.332,2788.78,681.336,4461.35,548.388
1172,-26.8351,51.3425,22.0495,105.977,37.7857,144.825,-61.037,-219.317,-98.4098,772.4,1114.43,900.979,2788.64,681.907,4461.29,548.854
1173,-30.428,49.2991,19.0805,106.554,35.2919,145.455,-59.0234,-219.865,-99.5283,772.257,1113.91,901.625,2788.5,682.478,4461.23,549.32
1174,-33.8659,47.0047,16.0966,107.048,32.7878,146.042,-57.0049,-220.395,-100.647,772.111,1113.38,902.272,2788.36,683.048,4461.18,549.786
1175,-37.1314,44.4709,13.1002,107.458,30.274,146.586,-54.9816,-220.906,-101.765,771.964,1112.86,902.917,2788.22,683.619,4461.12,550.252
1176,-40.2077,41.7107,10.0934,107.784,27.7512,147.087,-52.9537,-221.399,-102.882,771.816,1112.33,903.563,2788.08,684.189,4461.06,550.718
1177,-43.0793,38.738,7.07886,108.025,25.2202,147.544,-50.9214,-221.873,-104,771.666,1111.81,904.208,2787.94,684.76,4461,551.184
1178,-45.7315,35.568,4.05874,108.183,22.6818,147.958,-48.8848,-222.328,-105.117,771.514,1111.28,904.853,2787.8,685.33,4460.95,551.65
1179,-48.1508,32.2169,1.03545,108.256,20.1367,148.328,-46.844,-222.765,-106.235,771.361,1110.75,905.498,2787.66,685.901,4460.89,552.116
1180,-50.3249,28.7017,-1.98864,108.245,17.5856,148.654,-44.7994,-223.183,-107.352,771.206,1110.23,906.142,2787.52,686.471,4460.83,552.582
1181,-52.2427,25.0404,-5.01118,108.149,15.0293,148.936,-42.7509,-223.582,-108.468,771.049,1109.7,906.786,2787.37,687.042,4460.77,553.047
1182,-53.8944,21.2515,-8.02981,107.968,12.4686,149.174,-40.6989,-223.962,-109.585,770.891,1109.17,907.429,2787.23,687.612,4460.71,553.513
1183,-55.2716,17.3544,-11.0422,107.704,9.90424,149.369,-38.6435,-224.324,-110.701,770.731,1108.64,908.073,2787.09,688.182,4460.66,553.979
1184,-56.3673,13.3689,-14.0459,107.355,7.33692,149.519,-36.5848,-224.667,-111.817,770.57,1108.12,908.716,2786.95,688.753,4460.6,554.445
1185,-57.1759,9.31529,-17.0387,106.923,4.76744,149.625,-34.5231,-224.991,-112.933,770.407,1107.59,909.359,2786.81,689.323,4460.54,554.911
1186,-57.6932,5.21424,-20.0182,106.407,2.19655,149.686,-32.4584,-225.296,-114.049,770.242,1107.06,910.001,2786.67,689.893,4460.48,555.377
1187,-57.9166,1.08663,-22.982,105.808,-0.374995,149.704,-30.391,-225.582,-115.164,770.076,1106.53,910.643,2786.53,690.463,4460.42,555.843
1188,-57.8449,-3.04651,-25.9279,105.126,-2.94643,149.677,-28.3211,-225.849,-116.279,769.908,1106,911.285,2786.39,691.034,4460.37,556.309
1189,-57.4785,-7.16413,-28.8536,104.362,-5.51699,149.607,-26.2488,-226.097,-117.394,769.738,1105.47,911.927,2786.24,691.604,4460.31,556.775
1190,-56.8192,-11.2452,-31.7568,103.517,-8.08593,149.492,-24.1743,-226.327,-118.508,769.567,1104.94,912.568,2786.1,692.174,4460.25,557.24
1191,-55.8703,-15.269,-34.6351,102.592,-10.6525,149.332,-22.0977,-226.537,-119.623,769.394,1104.41,913.209,2785.96,692.744,4460.19,557.706
1192,-54.6367,-19.215,-37.4865,101.586,-13.2159,149.129,-20.0193,-226.728,-120.737,769.22,1103.88,913.849,2785.82,693.314,4460.13,558.172
1193,-53.1245,-23.063,-40.3086,100.501,-15.7754,148.882,-17.9392,-226.9,-121.851,769.044,1103.34,914.49,2785.68,693.884,4460.07,558.638
1194,-51.3416,-26.7935,-43.0993,99.3371,-18.3302,148.591,-15.8576,-227.053,-122.964,768.866,1102.81,915.13,2785.53,694.454,4460.02,559.104
1195,-49.2968,-30.3873,-45.8563,98.096,-20.8797,148.256,-13.7747,-227.187,-124.078,768.687,1102.28,915.769,2785.39,695.024,4459.96,559.57
1196,-47.0007,-33.8262,-48.5775,96.7784,-23.4229,147.877,-11.6906,-227.302,-125.191,768.506,1101.75,916.409,2785.25,695.594,4459.9,560.035
1197,-44.4649,-37.0926,-51.2609,95.3854,-25.9593,147.454,-9.60553,-227.398,-126.304,768.324,1101.21,917.048,2785.11,696.164,4459.84,560.501
1198,-41.7023,-40.1697,-53.9042,93.9179,-28.488,146.988,-7.51965,-227.474,-127.416,768.14,1100.68,917.687,2784.96,696.734,4459.78,560.967
1199,-38.7269,-43.042,-56.5055,92.3771,-31.0083,146.479,-5.43315,-227.532,-128.528,767.954,1100.15,918.325,2784.82,697.304,4459.72,561.433
1200,-35.554,-45.6946,-59.0627,90.7642,-33.5194,145.926,-3.34618,-227.57,-129.64,767.767,1099.61,918.963,2784.68,697.874,4459.66,561.899
1201,-32.1997,-48.1141,-61.5739,89.0806,-36.0207,145.331,-1.25894,-227.589,-130.752,767.578,1099.08,919.601,2784.53,698.444,4459.6,562.365
1202,-28.681,-50.2881,-64.037,87.3275,-38.5113,144.692,0.828413,-227.59,-131.864,767.388,1098.54,920.239,2784.39,699.013,4459.55,562.83
1203,-25.0159,-52.2053,-66.4501,85.5062,-40.9905,144.011,2.91569,-227.571,-132.975,767.195,1098.01,920.876,2784.25,699.583,4459.49,563.296
1204,-21.2232,-53.8561,-68.8114,83.6182,-43.4577,143.287,5.00273,-227.532,-134.086,767.002,1097.47,921.513,2784.1,700.153,4459.43,563.762
1205,-17.322,-55.2319,-71.1191,81.6651,-45.912,142.521,7.08934,-227.475,-135.196,766.806,1096.93,922.149,2783.96,700.723,4459.37,564.228
1206,-13.3325,-56.3257,-73.3712,79.6482,-48.3528,141.713,9.17536,-227.399,-136.307,766.609,1096.4,922.786,2783.82,701.292,4459.31,564.693
1207,-9.27485,-57.1319,-75.5661,77.5692,-50.7793,140.863,11.2606,-227.303,-137.417,766.411,1095.86,923.422,2783.67,701.862,4459.25,565.159
1208,-5.16985,-57.6463,-77.7021,75.4296,-53.1908,139.971,13.3449,-227.189,-138.526,766.211,1095.32,924.057,2783.53,702.432,4459.19,565.625
1209,-1.03843,-57.8662,-79.7774,73.2313,-55.5866,139.038,15.4281,-227.055,-139.636,766.009,1094.79,924.693,2783.38,703.001,4459.13,566.091
1210,3.09828,-57.7905,-81.7906,70.9758,-57.9661,138.064,17.51,-226.903,-140.745,765.806,1094.25,925.328,2783.24,703.571,4459.07,566.556
1211,7.21917,-57.4196,-83.7399,68.665,-60.3284,137.05,19.5904,-226.731,-141.854,765.601,1093.71,925.962,2783.1,704.14,4459.01,567.022
1212,11.3032,-56.7553,-85.6239,66.3006,-62.6729,135.995,21.6692,-226.54,-142.963,765.394,1093.17,926.597,2782.95,704.71,4458.95,567.488
1213,15.3294,-55.801,-87.4411,63.8844,-64.9989,134.9,23.7461,-226.33,-144.071,765.186,1092.63,927.231,2782.81,705.279,4458.9,567.954
1214,19.2773,-54.5616,-89.1901,61.4185,-67.3058,133.765,25.821,-226.101,-145.179,764.976,1092.09,927.865,2782.66,705.849,4458.84,568.419
1215,23.1267,-53.0432,-90.8695,58.9046,-69.5928,132.59,27.8938,-225.853,-146.286,764.765,1091.55,928.498,2782.52,706.418,4458.78,568.885
1216,26.8579,-51.2538,-92.478,56.3448,-71.8592,131.377,29.9642,-225.586,-147.394,764.552,1091.01,929.131,2782.37,706.987,4458.72,569.351
1217,30.4518,-49.2024,-94.0144,53.7411,-74.1045,130.125,32.0322,-225.3,-148.501,764.337,1090.47,929.764,2782.23,707.557,4458.66,569.816
1218,33.89,-46.8995,-95.4775,51.0954,-76.3279,128.834,34.0974,-224.995,-149.608,764.121,1089.93,930.397,2782.08,708.126,4458.6,570.282
1219,37.1551,-44.3569,-96.8661,48.4098,-78.5288,127.505,36.1597,-224.672,-150.714,763.903,1089.39,931.029,2781.94,708.695,4458.54,570.748
1220,40.2301,-41.5875,-98.1791,45.6865,-80.7065,126.139,38.219,-224.329,-151.82,763.684,1088.85,931.661,2781.79,709.265,4458.48,571.213
1221,43.0996,-38.6055,-99.4155,42.9276,-82.8604,124.735,40.2751,-223.967,-152.926,763.463,1088.31,932.292,2781.65,709.834,4458.42,571.679
1222,45.7487,-35.4262,-100.574,40.1351,-84.9898,123.295,42.3279,-223.587,-154.031,763.24,1087.76,932.924,2781.5,710.403,4458.36,572.145
1223,48.1639,-32.0658,-101.655,37.3114,-87.0942,121.818,44.377,-223.188,-155.137,763.016,1087.22,933.555,2781.35,710.972,4458.3,572.61
1224,50.3329,-28.5414,-102.656,34.4585,-89.1729,120.306,46.4224,-222.77,-156.241,762.79,1086.68,934.185,2781.21,711.541,4458.24,573.076
1225,52.2446,-24.8711,-103.577,31.5788,-91.2253,118.758,48.464,-222.333,-157.346,762.562,1086.13,934.816,2781.06,712.111,4458.18,573.542
1226,53.8892,-21.0737,-104.417,28.6744,-93.2507,117.174,50.5014,-221.878,-158.45,762.333,1085.59,935.446,2780.92,712.68,4458.12,574.007
1227,55.2584,-17.1686,-105.176,25.7477,-95.2487,115.557,52.5346,-221.404,-159.554,762.103,1085.05,936.075,2780.77,713.249,4458.06,574.473
1228,56.3452,-13.1757,-105.852,22.8009,-97.2186,113.905,54.5634,-220.911,-160.657,761.87,1084.5,936.705,2780.62,713.818,4458,574.939
1229,57.1439,-9.11548,-106.446,19.8362,-99.1597,112.22,56.5876,-220.4,-161.761,761.637,1083.96,937.334,2780.48,714.387,4457.94,575.404
1230,57.6506,-5.00866,-106.957,16.8561,-101.072,110.501,58.607,-219.871,-162.863,761.401,1083.41,937.963,2780.33,714.956,4457.88,575.87
1231,57.8627,-0.876242,-107.385,13.8629,-102.954,108.75,60.6215,-219.322,-163.966,761.164,1082.87,938.591,2780.18,715.525,4457.82,576.335
1232,57.7791,3.26065,-107.728,10.8588,-104.806,106.967,62.6309,-218.756,-165.068,760.926,1082.32,939.219,2780.04,716.094,4457.76,576.801
1233,57.4002,7.38089,-107.988,7.84628,-106.626,105.152,64.6351,-218.171,-166.17,760.685,1081.77,939.847,2779.89,716.662,4457.7,577.267
1234,56.7281,11.4634,-108.163,4.82761,-108.416,103.306,66.6338,-217.567,-167.271,760.444,1081.23,940.475,2779.74,717.231,4457.64,577.732
1235,55.7662,15.4874,-108.254,1.80518,-110.173,101.43,68.6269,-216.946,-168.372,760.2,1080.68,941.102,2779.6,717.8,4457.58,578.198
1236,54.5195,19.4323,-108.26,-1.21865,-111.898,99.524,70.6142,-216.306,-169.473,759.955,1080.13,941.729,2779.45,718.369,4457.51,578.663
1237,52.9943,23.2779,-108.182,-4.24154,-113.59,97.5885,72.5956,-215.648,-170.573,759.708,1079.58,942.355,2779.3,718.938,4457.45,579.129
1238,51.1985,27.0046,-108.02,-7.26111,-115.248,95.6242,74.5709,-214.971,-171.674,759.46,1079.04,942.981,2779.15,719.506,4457.39,579.595
1239,49.1412,30.5935,-107.773,-10.275,-116.873,93.6317,76.5399,-214.277,-172.773,759.21,1078.49,943.607,2779.01,720.075,4457.33,580.06
1240,46.833,34.0261,-107.442,-13.2809,-118.463,91.6116,78.5025,-213.565,-173.872,758.959,1077.94,944.233,2778.86,720.644,4457.27,580.526
1241,44.2858,37.2851,-107.027,-16.2764,-120.018,89.5645,80.4584,-212.834,-174.971,758.706,1077.39,944.858,2778.71,721.212,4457.21,580.991
1242,41.5125,40.3537,-106.528,-19.2592,-121.537,87.491,82.4077,-212.086,-176.07,758.452,1076.84,945.483,2778.56,721.781,4457.15,581.457
1243,38.5274,43.2165,-105.947,-22.2269,-123.021,85.3916,84.3499,-211.32,-177.168,758.195,1076.29,946.108,2778.41,722.35,4457.09,581.922
1244,35.3456,45.8586,-105.282,-25.1773,-124.468,83.2671,86.2851,-210.536,-178.266,757.938,1075.74,946.732,2778.27,722.918,4457.03,582.388
1245,31.9836,48.2669,-104.536,-28.1081,-125.879,81.118,88.213,-209.735,-179.363,757.678,1075.19,947.356,2778.12,723.487,4456.97,582.853
1246,28.4583,50.4289,-103.707,-31.0168,-127.252,78.945,90.1335,-208.915,-180.461,757.417,1074.64,947.98,2777.97,724.055,4456.91,583.319
1247,24.7879,52.3336,-102.798,-33.9014,-128.588,76.7486,92.0465,-208.079,-181.557,757.155,1074.09,948.603,2777.82,724.624,4456.85,583.784
1248,20.9911,53.9715,-101.808,-36.7594,-129.886,74.5297,93.9517,-207.224,-182.654,756.891,1073.53,949.226,2777.67,725.192,4456.78,584.25
1249,17.0873,55.3342,-100.739,-39.5888,-131.146,72.2887,95.8489,-206.353,-183.749,756.625,1072.98,949.849,2777.52,725.76,4456.72,584.715
1250,13.0963,56.4147,-99.5915,-42.3872,-132.367,70.0265,97.7382,-205.464,-184.845,756.358,1072.43,950.471,2777.37,726.329,4456.66,585.181
1251,9.03855,57.2076,-98.3659,-45.1525,-133.549,67.7436,99.6192,-204.557,-185.94,756.089,1071.88,951.094,2777.23,726.897,4456.6,585.646
1252,4.93473,57.709,-97.0634,-47.8825,-134.692,65.4407,101.492,-203.634,-187.035,755.818,1071.32,951.715,2777.08,727.465,4456.54,586.112
1253,0.805767,57.9162,-95.6851,-50.5751,-135.795,63.1184,103.356,-202.693,-188.129,755.546,1070.77,952.337,2776.93,728.034,4456.48,586.577
1254,-3.32731,57.8282,-94.232,-53.2282,-136.858,60.7776,105.211,-201.735,-189.223,755.273,1070.21,952.958,2776.78,728.602,4456.42,587.043
1255,-7.44343,57.4456,-92.7053,-55.8397,-137.88,58.4189,107.058,-200.761,-190.317,754.997,1069.66,953.579,2776.63,729.17,4456.36,587.508
1256,-11.5216,56.7703,-91.1061,-58.4075,-138.862,56.0429,108.895,-199.769,-191.41,754.721,1069.11,954.199,2776.48,729.738,4456.29,587.974
1257,-15.5411,55.8058,-89.4357,-60.9297,-139.803,53.6503,110.724,-198.761,-192.503,754.442,1068.55,954.819,2776.33,730.306,4456.23,588.439
1258,-19.4815,54.557,-87.6954,-63.4043,-140.702,51.242,112.543,-197.736,-193.595,754.162,1067.99,955.439,2776.18,730.875,4456.17,588.905
1259,-23.3226,53.0303,-85.8865,-65.8293,-141.56,48.8185,114.352,-196.694,-194.687,753.881,1067.44,956.059,2776.03,731.443,4456.11,589.37
1260,-27.0449,51.2335,-84.0105,-68.2028,-142.376,46.3806,116.152,-195.635,-195.779,753.598,1066.88,956.678,2775.88,732.011,4456.05,589.835
1261,-30.6294,49.1757,-82.0689,-70.523,-143.151,43.9291,117.943,-194.561,-196.87,753.313,1066.33,957.297,2775.73,732.579,4455.99,590.301
1262,-34.058,46.8676,-80.063,-72.788,-143.883,41.4646,119.723,-193.47,-197.961,753.027,1065.77,957.915,2775.58,733.147,4455.92,590.766
1263,-37.3132,44.3207,-77.9945,-74.9962,-144.572,38.9878,121.493,-192.362,-199.051,752.739,1065.21,958.534,2775.43,733.715,4455.86,591.232
1264,-40.3783,41.5482,-75.8651,-77.1457,-145.219,36.4995,123.253,-191.239,-200.141,752.449,1064.65,959.152,2775.28,734.283,4455.8,591.697
1265,-43.2378,38.564,-73.6763,-79.2348,-145.823,34.0005,125.003,-190.099,-201.23,752.158,1064.1,959.769,2775.13,734.85,4455.74,592.162
1266,-45.8771,35.3836,-71.4299,-81.262,-146.384,31.4915,126.742,-188.943,-202.319,751.866,1063.54,960.386,2774.98,735.418,4455.68,592.628
1267,-48.2829,32.0229,-69.1276,-83.2256,-146.902,28.9731,128.47,-187.772,-203.408,751.571,1062.98,961.003,2774.83,735.986,4455.61,593.093
1268,-50.4427,28.4992,-66.7712,-85.1241,-147.376,26.4462,130.188,-186.584,-204.496,751.276,1062.42,961.62,2774.67,736.554,4455.55,593.559
1269,-52.3457,24.8303,-64.3626,-86.956,-147.807,23.9115,131.894,-185.381,-205.584,750.978,1061.86,962.236,2774.52,737.122,4455.49,594.024
1270,-53.9822,21.035,-61.9036,-88.7198,-148.195,21.3698,133.59,-184.163,-206.671,750.679,1061.3,962.852,2774.37,737.69,4455.43,594.489
1271,-55.3437,17.1326,-59.3962,-90.4143,-148.538,18.8217,135.274,-182.929,-207.758,750.379,1060.74,963.468,2774.22,738.257,4455.37,594.955
1272,-56.4234,13.143,-56.8424,-92.038,-148.838,16.2681,136.947,-181.679,-208.845,750.077,1060.18,964.083,2774.07,738.825,4455.3,595.42
1273,-57.2158,9.08638,-54.244,-93.5896,-149.094,13.7097,138.609,-180.414,-209.931,749.773,1059.62,964.698,2773.92,739.393,4455.24,595.885
1274,-57.7167,4.98351,-51.6032,-95.0681,-149.306,11.1472,140.259,-179.134,-211.016,749.468,1059.06,965.313,2773.77,739.96,4455.18,596.351
1275,-57.9236,0.855253,-48.922,-96.4721,-149.473,8.58146,141.897,-177.839,-212.102,749.161,1058.5,965.927,2773.61,740.528,4455.12,596.816
1276,-57.8355,-3.27735,-46.2025,-97.8005,-149.597,6.01318,143.523,-176.529,-213.186,748.853,1057.93,966.541,2773.46,741.095,4455.05,597.281
1277,-57.4527,-7.39326,-43.4468,-99.0525,-149.677,3.44313,145.137,-175.204,-214.271,748.543,1057.37,967.155,2773.31,741.663,4454.99,597.747
1278,-56.7772,-11.4715,-40.6571,-100.227,-149.712,0.872061,146.738,-173.865,-215.354,748.231,1056.81,967.768,2773.16,742.23,4454.93,598.212
1279,-55.8124,-15.4913,-37.8356,-101.323,-149.703,-1.69926,148.328,-172.51,-216.438,747.918,1056.25,968.381,2773.01,742.798,4454.87,598.677
1280,-54.5632,-19.4321,-34.9845,-102.339,-149.65,-4.27008,149.905,-171.142,-217.521,747.603,1055.68,968.994,2772.85,743.365,4454.8,599.143
1281,-53.0359,-23.2739,-32.1059,-103.276,-149.552,-6.83964,151.469,-169.759,-218.603,747.287,1055.12,969.606,2772.7,743.933,4454.74,599.608
1282,-51.2383,-26.9971,-29.2023,-104.131,-149.411,-9.40718,153.021,-168.361,-219.685,746.969,1054.56,970.219,2772.55,744.5,4454.68,600.073
1283,-49.1795,-30.5826,-26.2757,-104.905,-149.225,-11.9719,154.559,-166.95,-220.767,746.65,1053.99,970.83,2772.4,745.067,4454.61,600.538
1284,-46.8699,-34.0123,-23.3286,-105.597,-148.996,-14.5332,156.085,-165.524,-221.848,746.329,1053.43,971.442,2772.24,745.635,4454.55,601.004
1285,-44.3214,-37.2684,-20.3632,-106.206,-148.722,-17.0901,157.598,-164.084,-222.928,746.007,1052.86,972.053,2772.09,746.202,4454.49,601.469
1286,-41.5468,-40.3346,-17.3818,-106.732,-148.404,-19.642,159.097,-162.631,-224.008,745.682,1052.3,972.663,2771.94,746.769,4454.43,601.934
1287,-38.5603,-43.1949,-14.3869,-107.174,-148.043,-22.188,160.583,-161.164,-225.088,745.357,1051.73,973.274,2771.78,747.337,4454.36,602.399
1288,-35.3771,-45.835,-11.3806,-107.533,-147.638,-24.7276,162.055,-159.683,-226.167,745.03,1051.16,973.884,2771.63,747.904,4454.3,602.865
1289,-32.0134,-48.2412,-8.36548,-107.807,-147.189,-27.2598,163.514,-158.189,-227.246,744.701,1050.6,974.494,2771.48,748.471,4454.24,603.33
1290,-28.4863,-50.4012,-5.34377,-107.996,-146.697,-29.784,164.959,-156.682,-228.324,744.371,1050.03,975.103,2771.32,749.038,4454.17,603.795
1291,-24.8139,-52.304,-2.31788,-108.101,-146.162,-32.2993,166.39,-155.161,-229.402,744.039,1049.46,975.712,2771.17,749.605,4454.11,604.26
1292,-21.0148,-53.9399,0.709838,-108.122,-145.583,-34.8051,167.807,-153.628,-230.479,743.705,1048.9,976.321,2771.02,750.172,4454.05,604.726
1293,-17.1085,-55.3004,3.73699,-108.057,-144.961,-37.3007,169.21,-152.081,-231.556,743.37,1048.33,976.93,2770.86,750.739,4453.98,605.191
1294,-13.1148,-56.3785,6.76122,-107.908,-144.297,-39.7852,170.599,-150.522,-232.632,743.034,1047.76,977.538,2770.71,751.306,4453.92,605.656
1295,-9.05413,-57.1688,9.78015,-107.674,-143.589,-42.258,171.974,-148.95,-233.708,742.696,1047.19,978.146,2770.55,751.873,4453.86,606.121
1296,-4.94722,-57.6671,12.7914,-107.356,-142.84,-44.7183,173.334,-147.365,-234.783,742.356,1046.62,978.753,2770.4,752.44,4453.79,606.586
1297,-0.815052,-57.8709,15.7926,-106.954,-142.048,-47.1653,174.679,-145.768,-235.858,742.015,1046.05,979.36,2770.25,753.007,4453.73,607.052
1298,3.32128,-57.7791,18.7815,-106.467,-141.214,-49.5985,176.01,-144.159,-236.933,741.672,1045.48,979.967,2770.09,753.574,4453.67,607.517
1299,7.44065,-57.3921,21.7556,-105.898,-140.339,-52.0169,177.326,-142.538,-238.006,741.327,1044.91,980.573,2769.94,754.141,4453.6,607.982
1300,11.522,-56.7118,24.7127,-105.245,-139.422,-54.42,178.626,-140.905,-239.08,740.982,1044.34,981.18,2769.78,754.708,4453.54,608.447
1301,15.5445,-55.7418,27.6504,-104.51,-138.464,-56.807,179.912,-139.259,-240.153,740.634,1043.77,981.785,2769.63,755.274,4453.48,608.912
1302,19.4875,-54.487,30.5664,-103.693,-137.465,-59.1773,181.183,-137.602,-241.225,740.285,1043.2,982.391,2769.47,755.841,4453.41,609.377
1303,23.331,-52.9537,33.4584,-102.794,-136.425,-61.53,182.439,-135.934,-242.297,739.934,1042.63,982.996,2769.32,756.408,4453.35,609.842
1304,27.0552,-51.1497,36.3242,-101.815,-135.345,-63.8646,183.679,-134.254,-243.368,739.582,1042.06,983.601,2769.16,756.975,4453.28,610.308
1305,30.6411,-49.0843,39.1616,-100.756,-134.225,-66.1802,184.904,-132.563,-244.439,739.229,1041.48,984.205,2769.01,757.541,4453.22,610.773
1306,34.0704,-46.768,41.9682,-99.6184,-133.065,-68.4763,186.113,-130.861,-245.509,738.873,1040.91,984.81,2768.85,758.108,4453.16,611.238
1307,37.3255,-44.2126,44.7419,-98.4024,-131.866,-70.7522,187.307,-129.147,-246.579,738.517,1040.34,985.413,2768.7,758.674,4453.09,611.703
1308,40.3898,-41.4312,47.4805,-97.1091,-130.628,-73.0072,188.484,-127.423,-247.648,738.158,1039.77,986.017,2768.54,759.241,4453.03,612.168
1309,43.2476,-38.438,50.1818,-95.7397,-129.352,-75.2405,189.646,-125.688,-248.717,737.798,1039.19,986.62,2768.38,759.808,4452.96,612.633
1310,45.8843,-35.2483,52.8438,-94.2952,-128.037,-77.4516,190.792,-123.943,-249.785,737.437,1038.62,987.223,2768.23,760.374,4452.9,613.098
1311,48.2865,-31.8783,55.4644,-92.7768,-126.684,-79.6399,191.922,-122.187,-250.853,737.074,1038.04,987.825,2768.07,760.94,4452.84,613.563
1312,50.4418,-28.3454,58.0414,-91.1855,-125.294,-81.8045,193.036,-120.42,-251.92,736.71,1037.47,988.428,2767.92,761.507,4452.77,614.028
1313,52.3392,-24.6676,60.5729,-89.5227,-123.867,-83.945,194.133,-118.644,-252.987,736.343,1036.89,989.029,2767.76,762.073,4452.71,614.494
1314,53.969,-20.8637,63.0569,-87.7897,-122.403,-86.0607,195.215,-116.858,-254.053,735.976,1036.32,989.631,2767.6,762.64,4452.64,614.959
1315,55.323,-16.9531,65.4914,-85.9879,-120.903,-88.1509,196.279,-115.062,-255.118,735.607,1035.74,990.232,2767.45,763.206,4452.58,615.424
1316,56.3941,-12.9559,67.8746,-84.1185,-119.367,-90.215,197.328,-113.256,-256.183,735.236,1035.17,990.833,2767.29,763.772,4452.51,615.889
1317,57.177,-8.89242,70.2045,-82.1832,-117.796,-92.2524,198.359,-111.44,-257.248,734.864,1034.59,991.433,2767.13,764.339,4452.45,616.354
1318,57.6676,-4.78349,72.4793,-80.1834,-116.19,-94.2626,199.374,-109.616,-258.312,734.49,1034.01,992.034,2766.98,764.905,4452.38,616.819
1319,57.8635,-0.650121,74.6972,-78.1207,-114.55,-96.2449,200.373,-107.782,-259.375,734.115,1033.44,992.633,2766.82,765.471,4452.32,617.284
1320,57.7637,3.48657,76.8566,-75.9967,-112.875,-98.1987,201.354,-105.939,-260.438,733.738,1032.86,993.233,2766.66,766.037,4452.26,617.749
1321,57.3687,7.60545,78.9556,-73.8131,-111.168,-100.123,202.318,-104.087,-261.5,733.359,1032.28,993.832,2766.51,766.603,4452.19,618.214
1322,56.6805,11.6855,80.9927,-71.5715,-109.427,-102.019,203.266,-102.226,-262.562,732.979,1031.7,994.431,2766.35,767.169,4452.13,618.679
1323,55.7028,15.7058,82.9663,-69.2738,-107.655,-103.884,204.196,-100.357,-263.623,732.598,1031.12,995.029,2766.19,767.736,4452.06,619.144
1324,54.4405,19.6459,84.8748,-66.9218,-105.85,-105.718,205.109,-98.4789,-264.684,732.215,1030.55,995.628,2766.03,768.302,4452,619.609
1325,52.9001,23.4856,86.7166,-64.5172,-104.014,-107.521,206.005,-96.5929,-265.744,731.83,1029.97,996.225,2765.88,768.868,4451.93,620.074
1326,51.0895,27.2054,88.4905,-62.0621,-102.147,-109.292,206.884,-94.6987,-266.804,731.444,1029.39,996.823,2765.72,769.434,4451.87,620.539
1327,49.018,30.7863,90.1949,-59.5582,-100.25,-111.03,207.745,-92.7966,-267.863,731.056,1028.81,997.42,2765.56,770,4451.8,621.004
1328,46.6963,34.2099,91.8285,-57.0076,-98.3232,-112.736,208.589,-90.8867,-268.921,730.667,1028.23,998.017,2765.4,770.565,4451.74,621.469
1329,44.1361,37.4589,93.3901,-54.4123,-96.3674,-114.409,209.415,-88.9691,-269.979,730.277,1027.65,998.613,2765.24,771.131,4451.67,621.934
1330,41.3506,40.5167,94.8785,-51.7743,-94.3831,-116.048,210.223,-87.044,-271.036,729.884,1027.07,999.21,2765.09,771.697,4451.61,622.399
1331,38.3541,43.3677,96.2924,-49.0956,-92.3708,-117.652,211.014,-85.1117,-272.093,729.491,1026.48,999.805,2764.93,772.263,4451.54,622.864
1332,35.1618,45.9974,97.6307,-46.3785,-90.3312,-119.221,211.787,-83.1721,-273.149,729.095,1025.9,1000.4,2764.77,772.829,4451.48,623.329
1333,31.7901,48.3923,98.8925,-43.625,-88.2649,-120.756,212.542,-81.2256,-274.205,728.698,1025.32,1001,2764.61,773.395,4451.41,623.794
1334,28.2563,50.5404,100.077,-40.8372,-86.1724,-122.254,213.28,-79.2722,-275.26,728.3,1024.74,1001.59,2764.45,773.96,4451.35,624.259
1335,24.5783,52.4307,101.182,-38.0174,-84.0544,-123.716,213.999,-77.3122,-276.314,727.9,1024.16,1002.19,2764.29,774.526,4451.28,624.724
1336,20.7749,54.0536,102.209,-35.1678,-81.9115,-125.142,214.701,-75.3456,-277.368,727.499,1023.57,1002.78,2764.13,775.092,4451.22,625.188
1337,16.8656,55.4008,103.155,-32.2906,-79.7444,-126.53,215.384,-73.3728,-278.421,727.096,1022.99,1003.37,2763.98,775.657,4451.15,625.653
1338,12.8703,56.4655,104.02,-29.388,-77.5536,-127.882,216.049,-71.3937,-279.474,726.691,1022.41,1003.97,2763.82,776.223,4451.08,626.118
1339,8.80932,57.2423,104.803,-26.4624,-75.3399,-129.195,216.697,-69.4087,-280.526,726.285,1021.82,1004.56,2763.66,776.788,4451.02,626.583
1340,4.70348,57.7274,105.505,-23.5161,-73.1039,-130.47,217.326,-67.4178,-281.578,725.878,1021.24,1005.15,2763.5,777.354,4450.95,627.048
1341,0.573668,57.9182,106.123,-20.5513,-70.8462,-131.706,217.936,-65.4212,-282.629,725.469,1020.65,1005.74,2763.34,777.92,4450.89,627.513
1342,-3.55907,57.8138,106.659,-17.5703,-68.5675,-132.903,218.528,-63.4191,-283.679,725.058,1020.07,1006.34,2763.18,778.485,4450.82,627.978
1343,-7.67368,57.4148,107.111,-14.5756,-66.2685,-134.061,219.102,-61.4117,-284.729,724.646,1019.48,1006.93,2763.02,779.05,4450.76,628.443
1344,-11.7492,56.7233,107.478,-11.5695,-63.9499,-135.179,219.658,-59.3992,-285.778,724.232,1018.9,1007.52,2762.86,779.616,4450.69,628.908
1345,-15.7648,55.7428,107.762,-8.55427,-61.6124,-136.258,220.195,-57.3816,-286.826,723.817,1018.31,1008.11,2762.7,780.181,4450.62,629.372
1346,-19.7002,54.4784,107.961,-5.53235,-59.2566,-137.295,220.713,-55.3592,-287.874,723.401,1017.72,1008.7,2762.54,780.747,4450.56,629.837
1347,-23.5352,52.9364,108.075,-2.50609,-56.8832,-138.293,221.213,-53.3322,-288.922,722.982,1017.14,1009.29,2762.38,781.312,4450.49,630.302
1348,-27.2503,51.1249,108.105,0.522141,-54.493,-139.249,221.695,-51.3007,-289.968,722.563,1016.55,1009.88,2762.22,781.877,4450.43,630.767
1349,-30.8266,49.0529,108.049,3.54996,-52.0867,-140.164,222.157,-49.2648,-291.014,722.142,1015.96,1010.47,2762.06,782.442,4450.36,631.232
1350,-34.246,46.7312,107.909,6.575,-49.6649,-141.037,222.601,-47.2248,-292.06,721.719,1015.37,1011.06,2761.9,783.008,4450.29,631.697
1351,-37.4909,44.1714,107.685,9.59489,-47.2284,-141.869,223.027,-45.1809,-293.105,721.295,1014.79,1011.65,2761.74,783.573,4450.23,632.161
1352,-40.545,41.3868,107.376,12.6073,-44.7778,-142.658,223.433,-43.1331,-294.149,720.869,1014.2,1012.24,2761.58,784.138,4450.16,632.626
1353,-43.3926,38.3914,106.983,15.6097,-42.3141,-143.405,223.821,-41.0818,-295.193,720.442,1013.61,1012.83,2761.42,784.703,4450.1,633.091
1354,-46.0192,35.2005,106.506,18.6,-39.8378,-144.11,224.19,-39.0269,-296.236,720.013,1013.02,1013.42,2761.25,785.268,4450.03,633.556
1355,-48.4115,31.8304,105.945,21.5757,-37.3496,-144.772,224.54,-36.9688,-297.278,719.583,1012.43,1014,2761.09,785.833,4449.96,634.021
1356,-50.5574,28.2982,105.301,24.5344,-34.8504,-145.391,224.871,-34.9076,-298.32,719.151,1011.84,1014.59,2760.93,786.398,4449.9,634.485
1357,-52.4457,24.622,104.575,27.4739,-32.3409,-145.967,225.184,-32.8434,-299.361,718.717,1011.25,1015.18,2760.77,786.963,4449.83,634.95
1358,-54.0671,20.8203,103.767,30.3919,-29.8218,-146.5,225.477,-30.7765,-300.402,718.283,1010.66,1015.76,2760.61,787.528,4449.76,635.415
1359,-55.4131,16.9127,102.878,33.2861,-27.2938,-146.989,225.752,-28.707,-301.442,717.846,1010.07,1016.35,2760.45,788.093,4449.7,635.88
1360,-56.477,12.9189,101.908,36.1542,-24.7578,-147.435,226.007,-26.635,-302.481,717.408,1009.48,1016.94,2760.29,788.658,4449.63,636.345
1361,-57.2532,8.85934,100.858,38.994,-22.2144,-147.837,226.243,-24.5609,-303.52,716.969,1008.89,1017.52,2760.12,789.223,4449.56,636.809
1362,-57.7379,4.75466,99.7293,41.8032,-19.6644,-148.195,226.461,-22.4846,-304.558,716.528,1008.29,1018.11,2759.96,789.787,4449.5,637.274
1363,-57.9285,0.625763,98.5223,44.5797,-17.1086,-148.509,226.659,-20.4065,-305.595,716.086,1007.7,1018.69,2759.8,790.352,4449.43,637.739
1364,-57.8241,-3.50632,97.2381,47.3213,-14.5477,-148.779,226.839,-18.3266,-306.632,715.642,1007.11,1019.28,2759.64,790.917,4449.36,638.203
1365,-57.4251,-7.62053,95.8777,50.0257,-11.9825,-149.005,226.999,-16.2453,-307.668,715.197,1006.52,1019.86,2759.48,791.482,4449.3,638.668
1366,-56.7335,-11.6959,94.4423,52.6911,-9.41379,-149.187,227.14,-14.1625,-308.703,714.75,1005.92,1020.45,2759.31,792.046,4449.23,639.133
1367,-55.7529,-15.7117,92.9329,55.3151,-6.84225,-149.325,227.262,-12.0786,-309.738,714.301,1005.33,1021.03,2759.15,792.611,4449.16,639.598
1368,-54.4882,-19.6475,91.3507,57.8958,-4.26868,-149.418,227.365,-9.99361,-310.772,713.852,1004.74,1021.61,2758.99,793.176,4449.1,640.062
1369,-52.9459,-23.4831,89.6969,60.4312,-1.69385,-149.467,227.449,-7.90781,-311.806,713.4,1004.14,1022.19,2758.83,793.74,4449.03,640.527
1370,-51.1337,-27.199,87.973,62.9193,0.881487,-149.472,227.514,-5.82134,-312.838,712.947,1003.55,1022.78,2758.66,794.305,4448.96,640.992
1371,-49.0608,-30.7763,86.1801,65.358,3.45656,-149.432,227.56,-3.73438,-313.87,712.493,1002.95,1023.36,2758.5,794.869,4448.9,641.456
1372,-46.7379,-34.1967,84.3198,67.7457,6.03061,-149.348,227.586,-1.64711,-314.902,712.037,1002.36,1023.94,2758.34,795.434,4448.83,641.921
1373,-44.1766,-37.4427,82.3934,70.0803,8.60287,-149.22,227.594,0.440298,-315.933,711.58,1001.76,1024.52,2758.17,795.998,4448.76,642.386
1374,-41.3901,-40.4978,80.4026,72.36,11.1726,-149.047,227.582,2.52767,-316.963,711.121,1001.16,1025.1,2758.01,796.563,4448.69,642.85
1375,-38.3925,-43.3464,78.3488,74.5831,13.739,-148.83,227.551,4.61484,-317.993,710.661,1000.57,1025.68,2757.85,797.127,4448.63,643.315
1376,-35.1991,-45.9738,76.2337,76.7478,16.3013,-148.569,227.501,6.70161,-319.021,710.199,999.971,1026.27,2757.68,797.691,4448.56,643.78
1377,-31.8261,-48.3667,74.0589,78.8525,18.8588,-148.264,227.432,8.78783,-320.05,709.736,999.374,1026.85,2757.52,798.256,4448.49,644.244
1378,-28.2907,-50.5129,71.8262,80.8955,21.4106,-147.915,227.344,10.8733,-321.077,709.271,998.777,1027.43,2757.36,798.82,4448.42,644.709
1379,-24.6109,-52.4012,69.5373,82.8751,23.9562,-147.522,227.236,12.9579,-322.104,708.805,998.179,1028,2757.19,799.384,4448.36,645.174
1380,-20.8055,-54.0221,67.194,84.79,26.4946,-147.085,227.11,15.0413,-323.13,708.337,997.581,1028.58,2757.03,799.948,4448.29,645.638
1381,-16.894,-55.3673,64.7981,86.6385,29.0251,-146.605,226.965,17.1236,-324.156,707.867,996.983,1029.16,2756.86,800.513,4448.22,646.103
1382,-12.8961,-56.4298,62.3515,88.4192,31.5471,-146.081,226.8,19.2043,-325.18,707.397,996.384,1029.74,2756.7,801.077,4448.15,646.567
1383,-8.83247,-57.2041,59.8561,90.1307,34.0596,-145.514,226.616,21.2835,-326.204,706.925,995.785,1030.32,2756.54,801.641,4448.09,647.032
1384,-4.7237,-57.6864,57.314,91.7718,36.5621,-144.903,226.414,23.3609,-327.228,706.451,995.186,1030.9,2756.37,802.205,4448.02,647.497
1385,-0.590809,-57.874,54.727,93.3411,39.0537,-144.25,226.192,25.4363,-328.251,705.976,994.586,1031.47,2756.21,802.769,4447.95,647.961
1386,3.5451,-57.766,52.0972,94.8374,41.5337,-143.553,225.952,27.5096,-329.273,705.499,993.986,1032.05,2756.04,803.333,4447.88,648.426
1387,7.6629,-57.3629,49.4266,96.2595,44.0014,-142.815,225.692,29.5805,-330.294,705.021,993.386,1032.63,2755.88,803.897,4447.81,648.89
1388,11.7416,-56.6667,46.7174,97.6064,46.4561,-142.033,225.413,31.649,-331.315,704.541,992.785,1033.2,2755.71,804.461,4447.75,649.355
1389,15.7602,-55.6809,43.9717,98.8769,48.8969,-141.21,225.116,33.7149,-332.335,704.06,992.184,1033.78,2755.55,805.025,4447.68,649.819
1390,19.6983,-54.4107,41.1916,100.07,51.3232,-140.344,224.799,35.7779,-333.354,703.577,991.583,1034.36,2755.38,805.589,4447.61,650.284
1391,23.5358,-52.8623,38.3793,101.185,53.7343,-139.437,224.464,37.8379,-334.372,703.093,990.981,1034.93,2755.22,806.152,4447.54,650.749
1392,27.2529,-51.0437,35.537,102.221,56.1294,-138.489,224.11,39.8947,-335.39,702.608,990.379,1035.51,2755.05,806.716,4447.47,651.213
1393,30.8307,-48.9643,32.667,103.177,58.5079,-137.499,223.737,41.9481,-336.408,702.121,989.777,1036.08,2754.89,807.28,4447.41,651.678
1394,34.251,-46.6345,29.7714,104.053,60.869,-136.469,223.345,43.9981,-337.424,701.632,989.174,1036.65,2754.72,807.844,4447.34,652.142
1395,37.4961,-44.0663,26.8525,104.847,63.212,-135.398,222.934,46.0443,-338.44,701.142,988.571,1037.23,2754.55,808.408,4447.27,652.607
1396,40.5495,-41.2729,23.9126,105.559,65.5362,-134.287,222.505,48.0867,-339.455,700.651,987.968,1037.8,2754.39,808.971,4447.2,653.071
1397,43.3957,-38.2684,20.9541,106.189,67.841,-133.136,222.057,50.1251,-340.469,700.158,987.364,1038.37,2754.22,809.535,4447.13,653.536
1398,46.0199,-35.0682,17.9792,106.735,70.1257,-131.945,221.59,52.1592,-341.483,699.663,986.76,1038.95,2754.06,810.098,4447.06,654
1399,48.4089,-31.6888,14.9902,107.199,72.3895,-130.715,221.105,54.189,-342.496,699.168,986.156,1039.52,2753.89,810.662,4447,654.465
1400,50.5503,-28.1474,11.9896,107.578,74.6318,-129.447,220.601,56.2142,-343.508,698.67,985.551,1040.09,2753.72,811.226,4446.93,654.929
1401,52.4333,-24.462,8.97955,107.874,76.852,-128.14,220.079,58.2347,-344.519,698.172,984.946,1040.66,2753.56,811.789,4446.86,655.394
1402,54.0482,-20.6515,5.9625,108.085,79.0493,-126.795,219.538,60.2503,-345.53,697.671,984.34,1041.24,2753.39,812.353,4446.79,655.858
1403,55.3868,-16.7355,2.9408,108.212,81.2231,-125.412,218.979,62.2608,-346.54,697.17,983.735,1041.81,2753.22,812.916,4446.72,656.322
1404,56.4422,-12.7339,-0.0831973,108.255,83.3729,-123.992,218.401,64.2661,-347.549,696.666,983.129,1042.38,2753.06,813.479,4446.65,656.787
1405,57.2091,-8.66723,-3.10713,108.213,85.4978,-122.535,217.805,66.2661,-348.558,696.162,982.522,1042.95,2752.89,814.043,4446.58,657.251
1406,57.6835,-4.55623,-6.12864,108.086,87.5974,-121.042,217.191,68.2604,-349.566,695.656,981.916,1043.52,2752.72,814.606,4446.52,657.716
1407,57.8631,-0.421941,-9.14537,107.875,89.671,-119.513,216.559,70.249,-350.573,695.148,981.309,1044.09,2752.56,815.169,4446.45,658.18
1408,57.7469,3.71451,-12.155,107.58,91.7179,-117.948,215.908,72.2318,-351.579,694.639,980.701,1044.66,2752.39,815.733,4446.38,658.645
1409,57.3355,7.83197,-15.1551,107.201,93.7376,-116.349,215.239,74.2084,-352.585,694.128,980.094,1045.23,2752.22,816.296,4446.31,659.109
1410,56.6312,11.9094,-18.1433,106.738,95.7294,-114.715,214.552,76.1789,-353.59,693.617,979.486,1045.79,2752.06,816.859,4446.24,659.573
1411,55.6375,15.926,-21.1174,106.192,97.6928,-113.046,213.847,78.1429,-354.594,693.103,978.877,1046.36,2751.89,817.422,4446.17,660.038
1412,54.3595,19.8612,-24.0751,105.563,99.6272,-111.344,213.125,80.1004,-355.597,692.588,978.269,1046.93,2751.72,817.985,4446.1,660.502
1413,52.8038,23.695,-27.0139,104.851,101.532,-109.609,212.384,82.0512,-356.6,692.072,977.66,1047.5,2751.55,818.548,4446.03,660.967
1414,50.9784,27.4077,-29.9316,104.058,103.407,-107.842,211.625,83.9951,-357.602,691.554,977.05,1048.06,2751.38,819.111,4445.96,661.431
1415,48.8926,30.9804,-32.826,103.183,105.251,-106.042,210.849,85.9319,-358.603,691.035,976.441,1048.63,2751.22,819.674,4445.89,661.895
1416,46.5571,34.395,-35.6948,102.228,107.063,-104.211,210.055,87.8615,-359.603,690.514,975.831,1049.2,2751.05,820.237,4445.82,662.36
1417,43.9839,37.6339,-38.5358,101.194,108.844,-102.349,209.243,89.7838,-360.603,689.992,975.22,1049.76,2750.88,820.8,4445.76,662.824
1418,41.1861,40.6807,-41.3466,100.08,110.593,-100.457,208.414,91.6985,-361.602,689.469,974.61,1050.33,2750.71,821.363,4445.69,663.288
1419,38.1781,43.5198,-44.1252,98.8881,112.308,-98.5347,207.567,93.6055,-362.6,688.944,973.999,1050.9,2750.54,821.926,4445.62,663.753
1420,34.9753,46.1368,-46.8694,97.6192,113.991,-96.5832,206.703,95.5047,-363.597,688.417,973.387,1051.46,2750.37,822.489,4445.55,664.217
1421,31.5939,48.5183,-49.577,96.2741,115.639,-94.603,205.822,97.3958,-364.594,687.889,972.776,1052.03,2750.21,823.052,4445.48,664.681
1422,28.0514,50.6524,-52.246,94.8539,117.253,-92.5947,204.923,99.2788,-365.589,687.36,972.164,1052.59,2750.04,823.615,4445.41,665.146
1423,24.3657,52.5279,-54.8741,93.3597,118.832,-90.5588,204.007,101.153,-366.584,686.829,971.552,1053.15,2749.87,824.177,4445.34,665.61
1424,20.5558,54.1356,-57.4595,91.7926,120.376,-88.4961,203.074,103.02,-367.579,686.297,970.939,1053.72,2749.7,824.74,4445.27,666.074
1425,16.641,55.4672,-60.0001,90.154,121.884,-86.4071,202.124,104.877,-368.572,685.763,970.326,1054.28,2749.53,825.303,4445.2,666.539
1426,12.6413,56.5159,-62.4938,88.445,123.356,-84.2924,201.157,106.726,-369.565,685.228,969.713,1054.84,2749.36,825.866,4445.13,667.003
1427,8.57725,57.2765,-64.9388,86.6671,124.792,-82.1527,200.173,108.566,-370.557,684.692,969.099,1055.41,2749.19,826.428,4445.06,667.467
1428,4.46943,57.7451,-67.3332,84.8216,126.19,-79.9886,199.172,110.396,-371.548,684.154,968.485,1055.97,2749.02,826.991,4444.99,667.931
1429,0.338822,57.9193,-69.675,82.9099,127.551,-77.8007,198.155,112.218,-372.539,683.614,967.871,1056.53,2748.85,827.553,4444.92,668.396
1430,-3.79351,57.7984,-71.9626,80.9335,128.874,-75.5897,197.121,114.03,-373.528,683.073,967.256,1057.09,2748.68,828.116,4444.85,668.86
1431,-7.90652,57.3829,-74.1939,78.8941,130.158,-73.3562,196.07,115.832,-374.517,682.531,966.641,1057.65,2748.51,828.678,4444.78,669.324
1432,-11.9792,56.6751,-76.3675,76.7931,131.404,-71.101,195.003,117.625,-375.505,681.987,966.026,1058.21,2748.34,829.241,4444.71,669.788
1433,-15.9909,55.6785,-78.4814,74.6322,132.611,-68.8246,193.92,119.408,-376.492,681.442,965.411,1058.77,2748.17,829.803,4444.64,670.253
1434,-19.9212,54.3982,-80.5342,72.4131,133.779,-66.5278,192.82,121.18,-377.479,680.896,964.795,1059.33,2748,830.365,4444.57,670.717
1435,-23.7499,52.8409,-82.5242,70.1375,134.907,-64.2112,191.704,122.943,-378.464,680.348,964.179,1059.89,2747.83,830.928,4444.5,671.181
1436,-27.4577,51.0145,-84.4498,67.8073,135.994,-61.8755,190.572,124.695,-379.449,679.798,963.562,1060.45,2747.66,831.49,4444.43,671.645
1437,-31.0257,48.9282,-86.3095,65.4242,137.042,-59.5215,189.424,126.437,-380.433,679.247,962.945,1061.01,2747.49,832.052,4444.36,672.11
1438,-34.4357,46.5928,-88.1019,62.99,138.048,-57.1498,188.26,128.169,-381.417,678.695,962.328,1061.57,2747.32,832.615,4444.29,672.574
1439,-37.6703,44.0202,-89.8257,60.5068,139.014,-54.7611,187.081,129.889,-382.399,678.141,961.71,1062.13,2747.15,833.177,4444.22,673.038
1440,-40.7131,41.2234,-91.4794,57.9763,139.938,-52.3562,185.886,131.599,-383.381,677.586,961.093,1062.69,2746.98,833.739,4444.15,673.502
1441,-43.5486,38.2167,-93.0617,55.4007,140.821,-49.9356,184.675,133.297,-384.362,677.029,960.474,1063.24,2746.81,834.301,4444.08,673.966
1442,-46.1624,35.0154,-94.5715,52.7819,141.662,-47.5003,183.448,134.985,-385.342,676.471,959.856,1063.8,2746.64,834.863,4444.01,674.43
1443,-48.5412,31.6359,-96.0076,50.1218,142.461,-45.0508,182.207,136.661,-386.321,675.912,959.237,1064.36,2746.46,835.425,4443.94,674.895
1444,-50.6728,28.0952,-97.3687,47.4228,143.217,-42.588,180.95,138.326,-387.3,675.351,958.618,1064.92,2746.29,835.987,4443.86,675.359
1445,-52.5465,24.4116,-98.654,44.6867,143.931,-40.1125,179.677,139.979,-388.277,674.789,957.999,1065.47,2746.12,836.549,4443.79,675.823
1446,-54.1526,20.6037,-99.8623,41.9158,144.602,-37.6251,178.39,141.62,-389.254,674.225,957.379,1066.03,2745.95,837.111,4443.72,676.287
1447,-55.483,16.6908,-100.993,39.1122,145.231,-35.1266,177.088,143.25,-390.23,673.66,956.759,1066.58,2745.78,837.673,4443.65,676.751
1448,-56.5309,12.693,-102.044,36.2781,145.816,-32.6176,175.771,144.867,-391.205,673.094,956.138,1067.14,2745.61,838.235,4443.58,677.215
1449,-57.291,8.63057,-103.016,33.4157,146.358,-30.0989,174.439,146.472,-392.18,672.526,955.518,1067.69,2745.43,838.797,4443.51,677.679
1450,-57.7593,4.52419,-103.908,30.5272,146.856,-27.5712,173.093,148.065,-393.153,671.956,954.897,1068.25,2745.26,839.359,4443.44,678.144
1451,-57.9335,0.394762,-104.719,27.6149,147.311,-25.0354,171.732,149.646,-394.126,671.386,954.275,1068.8,2745.09,839.92,4443.37,678.608
1452,-57.8127,-3.73667,-105.448,24.6812,147.722,-22.4921,170.356,151.214,-395.098,670.814,953.653,1069.35,2744.92,840.482,4443.3,679.072
1453,-57.3974,-7.84907,-106.095,21.7281,148.089,-19.9422,168.967,152.769,-396.069,670.24,953.031,1069.91,2744.75,841.044,4443.23,679.536
1454,-56.6898,-11.9215,-106.659,18.7581,148.412,-17.3864,167.563,154.312,-397.039,669.665,952.409,1070.46,2744.57,841.605,4443.16,680
1455,-55.6934,-15.9332,-107.14,15.7735,148.691,-14.8253,166.145,155.842,-398.008,669.089,951.786,1071.01,2744.4,842.167,4443.08,680.464
1456,-54.4132,-19.8637,-107.537,12.7766,148.926,-12.2599,164.713,157.358,-398.977,668.511,951.163,1071.57,2744.23,842.729,4443.01,680.928
1457,-52.8559,-23.693,-107.85,9.76969,149.117,-9.69083,163.268,158.862,-399.945,667.932,950.54,1072.12,2744.05,843.29,4442.94,681.392
1458,-51.0291,-27.4015,-108.08,6.75519,149.264,-7.11889,161.808,160.352,-400.911,667.351,949.916,1072.67,2743.88,843.852,4442.87,681.856
1459,-48.9424,-30.9705,-108.225,3.73542,149.366,-4.54483,160.336,161.828,-401.878,666.769,949.293,1073.22,2743.71,844.413,4442.8,682.32
1460,-46.6061,-34.3815,-108.285,0.712731,149.424,-1.96942,158.849,163.292,-402.843,666.186,948.668,1073.77,2743.54,844.975,4442.73,682.784
